"2026-03-15 08:15:23","HS0001","11A1","Tổ hợp","Học sinh giỏi tự tin hay bỏ qua bước hướng dẫn","AI ơi C(10,3) = 120 đúng không?","Đúng rồi em! C(10,3) = 10!/(3!×7!) = 120. Em tính nhanh quá!","HS nhảy thẳng vào S bỏ qua G và P",5,2,"S","Solve","a1f3b2e9c4d7",2,"Khá/Giỏi","MSG00001"
"2026-03-15 09:02:10","HS0002","11A2","Hoán vị","Học sinh giỏi hay skip bước G","AI ơi P(5) = 120 phải không? Em tính ra rồi.","Chính xác em! P(5) = 5! = 120. Em tính đúng rồi.","HS bỏ bước G/P chốt đáp án luôn",5,2,"S","Solve","b2g4c3f0d5e8",1,"Khá/Giỏi","MSG00002"
"2026-03-15 10:30:45","HS0003","11A1","Xác suất","Học sinh khá câu hỏi ngắn gọn tự tin","P(A∩B) khi A và B độc lập thì bằng P(A).P(B) đúng không AI?","Đúng vậy em! Khi A và B độc lập thì P(A∩B) = P(A)×P(B).","HS xác nhận kiến thức nhanh bỏ bước hướng dẫn",5,2,"S","Solve","c3h5d4g1e6f9",3,"Khá/Giỏi","MSG00003"
"2026-03-15 11:10:00","HS0001","11A1","Chỉnh hợp","Học sinh giỏi tự tin hay bỏ qua bước hướng dẫn","Chỉnh hợp A(7,3) = 210 đúng không AI ơi?","Đúng rồi em! A(7,3) = 7×6×5 = 210. Em tính rất nhanh!","HS lại nhảy thẳng vào S không hỏi G hay P",4,2,"S","Solve","a1f3b2e9c4d7",2,"Khá/Giỏi","MSG00004"
"2026-03-15 14:20:30","HS0002","11A2","Nhị thức Newton","Học sinh giỏi hay skip bước G","Hệ số x^3 trong (1+x)^5 là C(5,3)=10 phải không AI?","Chuẩn xác em! Hệ số x^3 trong (1+x)^5 là C(5,3) = 10.","HS thẳng vào S không cần hướng dẫn",5,2,"S","Solve","b2g4c3f0d5e8",2,"Khá/Giỏi","MSG00005"
"2026-03-15 15:05:17","HS0003","11A1","Tổ hợp","Học sinh khá câu hỏi ngắn gọn tự tin","Từ 5 bạn chọn 2 người thì C(5,2)=10 cách phải không AI ơi?","Đúng rồi em! C(5,2) = 5!/(2!×3!) = 10 cách. Chuẩn luôn!","HS không cần bước G/P tự chốt ngay",5,2,"S","Solve","c3h5d4g1e6f9",2,"Khá/Giỏi","MSG00006"
"2026-03-16 07:45:00","HS0004","11A2","Hoán vị","Học sinh trung bình tuân thủ luồng GPS","AI ơi hoán vị là gì ạ? Em chưa hiểu rõ lắm.","Hoán vị của n phần tử là số cách sắp xếp n phần tử đó theo thứ tự. Công thức P(n) = n!. Ví dụ P(3) = 3! = 6 cách sắp xếp 3 bạn A B C.","HS hỏi khái niệm bắt đầu từ bước G",4,3,"G","Guide","d4i6e5h2f7g0",5,"Trung bình","MSG00007"
"2026-03-16 08:30:20","HS0004","11A2","Hoán vị","Học sinh trung bình tuân thủ luồng GPS","AI ơi vậy 4 bạn ngồi thành 1 hàng thì có bao nhiêu cách ạ?","Áp dụng P(4) = 4! = 4×3×2×1 = 24 cách em nhé. Em thử tự tính ra con số đó xem!","HS chuyển sang P thực hành với số cụ thể",4,3,"P","Practice","d4i6e5h2f7g0",6,"Trung bình","MSG00008"
"2026-03-16 09:15:40","HS0004","11A2","Hoán vị","Học sinh trung bình tuân thủ luồng GPS","Em tính ra 24 cách rồi ạ. AI xem đúng chưa ạ?","Chính xác em! P(4) = 24 cách. Em làm đúng hoàn toàn rồi đó!","HS chốt kết quả đúng ở bước S",5,3,"S","Solve","d4i6e5h2f7g0",4,"Trung bình","MSG00009"
"2026-03-16 10:00:00","HS0005","11A3","Tổ hợp","Học sinh trung bình học theo từng bước","AI ơi tổ hợp khác hoán vị chỗ nào ạ?","Hoán vị quan tâm thứ tự còn tổ hợp thì không em. AB≠BA trong hoán vị nhưng AB=BA trong tổ hợp.","HS hỏi phân biệt khái niệm bắt đầu bước G",4,3,"G","Guide","e5j7f6i3g8h1",5,"Trung bình","MSG00010"
"2026-03-16 10:45:15","HS0005","11A3","Tổ hợp","Học sinh trung bình học theo từng bước","Vậy C(6,2) em tính thế nào ạ? AI hướng dẫn em với ạ.","C(6,2) = 6!/(2!×4!) = (6×5)/(2×1) = 15. Em thử thay số vào công thức xem có ra không nhé!","HS thực hành với công thức bước P",4,3,"P","Practice","e5j7f6i3g8h1",6,"Trung bình","MSG00011"
"2026-03-16 11:30:00","HS0005","11A3","Tổ hợp","Học sinh trung bình học theo từng bước","Em ra 15 rồi ạ! AI kiểm tra giúp em ạ.","Đúng rồi em! C(6,2) = 15. Em làm tốt lắm. Nhớ tổ hợp không quan tâm thứ tự nhé!","HS hoàn thành bước S đúng kết quả",5,3,"S","Solve","e5j7f6i3g8h1",5,"Trung bình","MSG00012"
"2026-03-17 07:50:00","HS0006","11A1","Xác suất","Học sinh trung bình đi theo tiến độ AI","AI ơi xác suất cổ điển là gì ạ?","Xác suất cổ điển là P(A) = số kết quả thuận lợi chia tổng số kết quả có thể. Ví dụ tung đồng xu thì P(ngửa) = 1/2.","HS bắt đầu học xác suất từ bước G",4,3,"G","Guide","f6k8g7j4h9i2",6,"Trung bình","MSG00013"
"2026-03-17 08:40:00","HS0006","11A1","Xác suất","Học sinh trung bình đi theo tiến độ AI","Gieo 1 xúc xắc P(ra số lẻ) = ? AI hướng dẫn em ạ.","Không gian mẫu có 6 phần tử. Số lẻ là {1;3;5} có 3 phần tử. Vậy P(số lẻ) = 3/6 = 1/2 em nhé!","HS thực hành tính xác suất cổ điển bước P",4,3,"P","Practice","f6k8g7j4h9i2",5,"Trung bình","MSG00014"
"2026-03-17 09:25:10","HS0006","11A1","Xác suất","Học sinh trung bình đi theo tiến độ AI","P(số lẻ) = 1/2 đúng không ạ? AI xác nhận giúp em với.","Đúng rồi em! P(số lẻ) = 1/2. Em nắm vững rồi đó!","HS chốt đáp án đúng bước S",5,3,"S","Solve","f6k8g7j4h9i2",4,"Trung bình","MSG00015"
"2026-03-17 10:10:00","HS0007","11A2","Chỉnh hợp","Học sinh trung bình tuân thủ gợi ý AI","AI ơi chỉnh hợp là gì? Khác tổ hợp không ạ?","Chỉnh hợp A(n,k) chọn k phần tử từ n phần tử có quan tâm thứ tự. Tổ hợp C(n,k) không quan tâm thứ tự. A(n,k) = n!/(n-k)!","HS phân biệt khái niệm bước G",4,3,"G","Guide","g7l9h8k5i0j3",5,"Trung bình","MSG00016"
"2026-03-17 11:00:20","HS0007","11A2","Chỉnh hợp","Học sinh trung bình tuân thủ gợi ý AI","Vậy A(5,2) = 20 đúng không ạ? Em thay vào công thức rồi.","Đúng rồi em! A(5,2) = 5!/(5-2)! = 5×4 = 20. Em làm đúng bước rồi!","HS thực hành áp dụng công thức bước P",4,3,"P","Practice","g7l9h8k5i0j3",7,"Trung bình","MSG00017"
"2026-03-17 11:50:30","HS0007","11A2","Chỉnh hợp","Học sinh trung bình tuân thủ gợi ý AI","Bài chọn 2 bạn từ 5 bạn làm lớp trưởng và lớp phó thì A(5,2)=20 đúng không ạ?","Chính xác! Vì có sự phân biệt lớp trưởng/lớp phó nên dùng chỉnh hợp A(5,2) = 20. Em vận dụng tốt lắm!","HS chốt bài toán thực tế bước S",5,3,"S","Solve","g7l9h8k5i0j3",5,"Trung bình","MSG00018"
"2026-03-18 07:30:00","HS0008","11A3","Nhị thức Newton","Học sinh trung bình học từng bước cẩn thận","AI ơi nhị thức Newton là gì ạ? Em lần đầu nghe.","Nhị thức Newton: (a+b)^n = tổng C(n,k)×a^(n-k)×b^k với k từ 0 đến n. Số hạng tổng quát T(k+1) = C(n,k)×a^(n-k)×b^k. Em hiểu sơ chưa?","HS tiếp cận khái niệm mới bước G",3,4,"G","Guide","h8m0i9l6j1k4",8,"Trung bình","MSG00019"
"2026-03-18 08:20:00","HS0008","11A3","Nhị thức Newton","Học sinh trung bình học từng bước cẩn thận","AI ơi tìm số hạng chứa x^2 trong (1+x)^6 thế nào ạ?","Số hạng T(k+1) = C(6,k)×x^k. Để có x^2 thì k=2. Vậy T3 = C(6,2)×x^2 = 15x^2. Em thử tự kiểm tra lại nhé!","HS áp dụng vào bài cụ thể bước P",4,4,"P","Practice","h8m0i9l6j1k4",7,"Trung bình","MSG00020"
"2026-03-18 09:15:00","HS0008","11A3","Nhị thức Newton","Học sinh trung bình học từng bước cẩn thận","Em ra hệ số là 15 ạ. AI xem đúng không ạ?","Đúng rồi em! Hệ số của x^2 là C(6,2) = 15. Em làm tốt lắm!","HS xác nhận đáp án đúng bước S",5,4,"S","Solve","h8m0i9l6j1k4",5,"Trung bình","MSG00021"
"2026-03-18 10:00:00","HS0009","11A1","Xác suất","Học sinh trung bình đi theo gợi ý của AI","AI ơi hai biến cố độc lập là thế nào ạ?","Hai biến cố A và B độc lập khi xảy ra A không ảnh hưởng đến B. Khi đó P(A∩B) = P(A)×P(B).","HS học khái niệm độc lập bước G",4,3,"G","Guide","i9n1j0m7k2l5",6,"Trung bình","MSG00022"
"2026-03-18 10:50:00","HS0009","11A1","Xác suất","Học sinh trung bình đi theo gợi ý của AI","Gieo 2 đồng xu P(cả 2 đều ngửa) = 1/4 đúng không ạ?","Đúng em! P(ngửa lần 1)×P(ngửa lần 2) = 1/2×1/2 = 1/4 vì 2 lần tung độc lập nhau.","HS áp dụng tính xác suất độc lập bước P",4,3,"P","Practice","i9n1j0m7k2l5",5,"Trung bình","MSG00023"
"2026-03-18 11:40:00","HS0009","11A1","Xác suất","Học sinh trung bình đi theo gợi ý của AI","AI ơi P(ít nhất 1 ngửa khi tung 2 đồng xu) = bao nhiêu ạ?","P(ít nhất 1 ngửa) = 1 - P(không có ngửa nào) = 1 - 1/4 = 3/4. Dùng biến cố đối cho nhanh em nhé!","HS học cách dùng biến cố đối bước S",5,3,"S","Solve","i9n1j0m7k2l5",7,"Trung bình","MSG00024"
"2026-03-19 08:00:00","HS0010","11A2","Tổ hợp","Học sinh trung bình hay hỏi cách làm","AI ơi công thức tổ hợp C(n,k) là gì ạ?","C(n,k) = n!/(k!×(n-k)!). Ví dụ C(5,2) = 5!/(2!×3!) = 10. Nhớ mẫu số là k! nhân (n-k)! nhé em!","HS ôn lại công thức bước G",4,3,"G","Guide","j0o2k1n8l3m6",5,"Trung bình","MSG00025"
"2026-03-19 09:00:00","HS0010","11A2","Tổ hợp","Học sinh trung bình hay hỏi cách làm","Chọn 3 bạn từ 8 bạn thì C(8,3)=56 cách đúng không ạ?","Đúng rồi em! C(8,3) = 8!/(3!×5!) = 56 cách. Em tính chính xác!","HS chốt bài toán đúng bước S",5,3,"S","Solve","j0o2k1n8l3m6",4,"Trung bình","MSG00026"
"2026-03-19 10:00:00","HS0011","11A3","Hoán vị","Học sinh trung bình học đều đặn","AI ơi hoán vị có lặp là gì ạ? Em chưa được học.","Hoán vị có lặp dùng khi có phần tử trùng nhau. Công thức P = n!/(n1!×n2!×...). Ví dụ từ TOÁN 4 chữ khác nhau nên P = 4! = 24 cách.","HS hỏi kiến thức mới bước G",3,4,"G","Guide","k1p3l2o9m4n7",7,"Trung bình","MSG00027"
"2026-03-19 11:00:00","HS0011","11A3","Hoán vị","Học sinh trung bình học đều đặn","Xếp các chữ cái trong từ ABBA thì tính thế nào ạ? Em bí.","ABBA có 4 chữ gồm A lặp 2 lần B lặp 2 lần. Số cách = 4!/(2!×2!) = 24/4 = 6 cách em nhé!","HS xem mẫu bài toán có lặp bước S",4,4,"S","Solve","k1p3l2o9m4n7",6,"Trung bình","MSG00028"
"2026-03-20 08:15:00","HS0012","11A1","Xác suất","Học sinh trung bình chăm chỉ làm bài","AI ơi hướng dẫn em công thức P(A∪B) ạ.","P(A∪B) = P(A) + P(B) - P(A∩B). Nếu A và B xung khắc thì P(A∩B) = 0 nên P(A∪B) = P(A) + P(B).","HS học công thức cộng xác suất bước P",4,3,"P","Practice","l2q4m3p0n5o8",6,"Trung bình","MSG00029"
"2026-03-20 09:10:00","HS0012","11A1","Xác suất","Học sinh trung bình chăm chỉ làm bài","P(A)=0.4 P(B)=0.3 A và B xung khắc thì P(A∪B)=0.7 đúng không ạ?","Đúng rồi em! Vì A và B xung khắc nên P(A∪B) = 0.4 + 0.3 = 0.7. Em tính đúng!","HS tính đúng kết quả bước S",5,3,"S","Solve","l2q4m3p0n5o8",4,"Trung bình","MSG00030"
"2026-03-20 10:00:00","HS0013","11A2","Chỉnh hợp","Học sinh trung bình cần hướng dẫn từng bước","AI ơi phân biệt A(n,k) và C(n,k) thế nào ạ?","A(n,k) quan tâm thứ tự còn C(n,k) thì không. Có hệ thức A(n,k) = C(n,k)×k! vì mỗi tổ hợp tương ứng k! hoán vị.","HS phân biệt hai công thức bước G",4,3,"G","Guide","m3r5n4q1o6p9",5,"Trung bình","MSG00031"
"2026-03-20 11:00:00","HS0013","11A2","Chỉnh hợp","Học sinh trung bình cần hướng dẫn từng bước","Chọn 3 chữ số từ {1;2;3;4;5} tạo số có 3 chữ số khác nhau thì A(5,3)=? ạ","A(5,3) = 5!/(5-3)! = 5×4×3 = 60. Vì thứ tự quan trọng (123≠321) nên dùng chỉnh hợp em nhé!","HS áp dụng vào bài toán thực tế bước P",4,4,"P","Practice","m3r5n4q1o6p9",6,"Trung bình","MSG00032"
"2026-03-21 08:30:00","HS0014","11A3","Tổ hợp","Học sinh trung bình thích ví dụ cụ thể","Lớp 30 HS chọn 5 đại diện thì C(30,5) = 142506 phải không ạ?","Đúng rồi em! C(30,5) = 30!/(5!×25!) = 142506. Em tính rất tốt!","HS chốt bài toán lớn bước S",5,3,"S","Solve","n4s6o5r2p7q0",5,"Trung bình","MSG00033"
"2026-03-21 09:30:00","HS0015","11A1","Nhị thức Newton","Học sinh trung bình hay hỏi cặn kẽ","AI ơi khai triển (x+1)^4 thế nào ạ?","(x+1)^4 = C(4,0)x^4 + C(4,1)x^3 + C(4,2)x^2 + C(4,3)x + C(4,4) = x^4+4x^3+6x^2+4x+1.","HS học khai triển nhị thức bước G",4,4,"G","Guide","o5t7p6s3q8r1",7,"Trung bình","MSG00034"
"2026-03-21 10:30:00","HS0016","11A2","Xác suất","Học sinh trung bình học theo tiến độ đề xuất","P(A) = 0.6 thì P(Ā) = 0.4 đúng không ạ? AI hướng dẫn thêm.","Đúng em! P(Ā) = 1 - P(A) = 1 - 0.6 = 0.4. Biến cố đối rất hay dùng trong xác suất nhé!","HS xác nhận biến cố đối bước P",4,3,"P","Practice","p6u8q7t4r9s2",4,"Trung bình","MSG00035"
"2026-03-22 07:30:00","HS0017","11A3","Tổ hợp","Học sinh yếu hay bị kẹt cần giải thích nhiều lần","AI ơi tổ hợp là gì ạ? Em đọc sách không hiểu gì hết.","Tổ hợp là cách chọn nhóm không quan tâm thứ tự em ơi. Ví dụ nhóm {A;B} = {B;A}. Công thức C(n,k) = n!/(k!×(n-k)!). Em hiểu phần nào chưa?","HS yếu bắt đầu học khái niệm G lần 1",2,5,"G","Guide","q7v9r8u5s0t3",15,"Yếu","MSG00036"
"2026-03-22 08:00:00","HS0017","11A3","Tổ hợp","Học sinh yếu hay bị kẹt cần giải thích nhiều lần","AI ơi em vẫn chưa hiểu tại sao {A;B} = {B;A} ạ. Giải thích lại đi.","Ví dụ thực tế: chọn 2 bạn cùng chơi bóng thì nhóm Minh-Hùng = Hùng-Minh vì cả hai đều cùng chơi. Không ai là trước hay sau cả. Đó là tổ hợp em nhé!","HS cần giải thích lại bước G lần 2",2,5,"G","Guide","q7v9r8u5s0t3",14,"Yếu","MSG00037"
"2026-03-22 08:30:00","HS0017","11A3","Tổ hợp","Học sinh yếu hay bị kẹt cần giải thích nhiều lần","À em hiểu rồi ạ. Vậy C(4,2) = ? AI hướng dẫn từng bước ạ.","C(4,2) = 4!/(2!×2!) = (4×3)/(2×1) = 6. Bước 1: tử = 4×3=12. Bước 2: mẫu = 2×1=2. Bước 3: 12/2=6.","HS bắt đầu thực hành bước P",3,5,"P","Practice","q7v9r8u5s0t3",12,"Yếu","MSG00038"
"2026-03-22 09:10:00","HS0017","11A3","Tổ hợp","Học sinh yếu hay bị kẹt cần giải thích nhiều lần","Em tính ra 6 rồi nhưng không chắc. C(4,2)=6 đúng không AI ơi?","Đúng rồi em! C(4,2) = 6. Em làm đúng rồi đó. Hãy tự tin hơn nha!","HS chốt được kết quả sau nhiều lần lặp bước S",3,5,"S","Solve","q7v9r8u5s0t3",10,"Yếu","MSG00039"
"2026-03-23 08:00:00","HS0018","11A1","Xác suất","Học sinh yếu hay bị kẹt lặp lại bước G","AI ơi xác suất là gì ạ? Em nghe nói nhưng chưa hiểu.","Xác suất là con số từ 0 đến 1 cho biết khả năng xảy ra của một sự kiện. P=0 là không thể xảy ra còn P=1 là chắc chắn xảy ra.","HS yếu cần giải thích xác suất từ đầu bước G lần 1",2,5,"G","Guide","r8w0s9v6t1u4",18,"Yếu","MSG00040"
"2026-03-23 08:45:00","HS0018","11A1","Xác suất","Học sinh yếu hay bị kẹt lặp lại bước G","AI ơi ví dụ tung đồng xu tính xác suất thế nào ạ? Em chưa hình dung được.","Tung đồng xu có 2 kết quả: sấp và ngửa. Mỗi cái xác suất bằng nhau. Nên P(sấp) = 1/2 = 0.5 em nhé!","HS cần ví dụ cụ thể bước G lần 2",2,5,"G","Guide","r8w0s9v6t1u4",16,"Yếu","MSG00041"
"2026-03-23 09:30:00","HS0018","11A1","Xác suất","Học sinh yếu hay bị kẹt lặp lại bước G","AI ơi vậy gieo xúc xắc P(ra mặt 3) em thử tính 1/6 ạ. Đúng không?","Đúng rồi em! P(mặt 3) = 1/6 vì có 6 mặt đều nhau và chỉ có 1 mặt là số 3. Em hiểu rồi đó!","HS bắt đầu tự áp dụng bước P",3,5,"P","Practice","r8w0s9v6t1u4",14,"Yếu","MSG00042"
"2026-03-23 10:15:00","HS0018","11A1","Xác suất","Học sinh yếu hay bị kẹt lặp lại bước G","P(mặt chẵn khi gieo xúc xắc) = 1/2 đúng không AI ơi?","Chuẩn em! Mặt chẵn là {2;4;6} có 3 kết quả trên 6. P(mặt chẵn) = 3/6 = 1/2. Em tiến bộ rõ rồi đó!","HS chốt được kết quả sau nhiều lần bước S",4,4,"S","Solve","r8w0s9v6t1u4",10,"Yếu","MSG00043"
"2026-03-24 08:00:00","HS0019","11A2","Hoán vị","Học sinh yếu cần nhiều hướng dẫn cơ bản","AI ơi n! là gì ạ? Em không nhớ công thức.","n! (đọc là n giai thừa) là tích tất cả số nguyên từ 1 đến n. Ví dụ 3! = 1×2×3 = 6. 4! = 1×2×3×4 = 24.","HS không nhớ giai thừa cần giải thích từ đầu bước G",2,5,"G","Guide","s9x1t0w7u2v5",20,"Yếu","MSG00044"
"2026-03-24 08:45:00","HS0019","11A2","Hoán vị","Học sinh yếu cần nhiều hướng dẫn cơ bản","5! = 120 đúng không ạ? Em nhân từng bước rồi.","Đúng rồi em! 5! = 1×2×3×4×5 = 120. Em nhân đúng hết rồi đó. Tiếp tục nhé!","HS xác nhận giai thừa đúng bước P",3,4,"P","Practice","s9x1t0w7u2v5",14,"Yếu","MSG00045"
"2026-03-24 09:40:00","HS0019","11A2","Hoán vị","Học sinh yếu cần nhiều hướng dẫn cơ bản","Xếp 3 bạn thành 1 hàng thì P(3) = 3! = 6 cách ạ? AI ơi đúng không?","Đúng luôn em! P(3) = 3! = 6. Em áp dụng được rồi đó. Cố lên nha!","HS áp dụng công thức hoán vị bước P lần 2",3,4,"P","Practice","s9x1t0w7u2v5",12,"Yếu","MSG00046"
"2026-03-25 08:00:00","HS0020","11A1","Tổ hợp","Học sinh cá biệt chỉ muốn xin đáp án","AI ơi cho em xin đáp án bài C(10,4) luôn đi ạ.","C(10,4) = 210 em nhé. Nhưng em có muốn hiểu cách tính không? Sẽ giúp em làm được các bài tương tự đó!","HS cá biệt xin đáp án thẳng không qua G hay P",2,2,"S","Solve","t0y2u1x8v3w6",1,"Cá biệt","MSG00047"
"2026-03-25 08:30:00","HS0020","11A1","Xác suất","Học sinh cá biệt hay hỏi ngoài lề","AI ơi thi môn này có khó không ạ? Năm ngoái điểm trung bình lớp là mấy?","Câu hỏi thú vị nhưng mình không có dữ liệu đó em ơi. Mình quay lại bài học thôi nhé - em đang ở phần xác suất rồi đó!","HS hỏi ngoài lề không học bài",1,1,"G","Off-topic","t0y2u1x8v3w6",1,"Cá biệt","MSG00048"
"2026-03-25 09:00:00","HS0020","11A1","Hoán vị","Học sinh cá biệt chỉ muốn xin đáp án","Thôi AI cho em luôn P(6) = bao nhiêu ạ?","P(6) = 6! = 720 em nhé. Lần này em thử tự tính 5! trước rồi nhân thêm 6 xem ra không nhé?","HS lại xin đáp án trực tiếp không tự làm",2,2,"S","Solve","t0y2u1x8v3w6",1,"Cá biệt","MSG00049"
"2026-03-26 08:00:00","HS0020","11A1","Nhị thức Newton","Học sinh cá biệt ít tham gia học","AI ơi hệ số x^2 trong (2+x)^5 cho em xin đáp án luôn ạ.","Hệ số x^2 là C(5,2)×2^3 = 10×8 = 80 em nhé. Em có muốn thử bài tương tự (2+x)^4 không? Cùng làm thử nha!","HS xin đáp án không tự làm bước S",2,3,"S","Solve","t0y2u1x8v3w6",2,"Cá biệt","MSG00050"
"2026-03-26 08:30:00","HS0004","11A2","Xác suất","Học sinh trung bình tuân thủ luồng GPS","AI ơi biến cố là gì ạ? Em chưa hiểu định nghĩa.","Biến cố là tập hợp các kết quả của phép thử ngẫu nhiên em ơi. Ví dụ gieo xúc xắc thì biến cố A = {ra số chẵn} = {2;4;6}.","HS hỏi định nghĩa biến cố bước G",4,3,"G","Guide","d4i6e5h2f7g0",5,"Trung bình","MSG00051"
"2026-03-26 09:15:00","HS0004","11A2","Xác suất","Học sinh trung bình tuân thủ luồng GPS","AI hướng dẫn em tính P(ra số chia hết cho 3) khi gieo xúc xắc ạ.","Số chia hết cho 3 trong {1..6} là {3;6} có 2 phần tử. Không gian mẫu có 6 phần tử. Vậy P = 2/6 = 1/3 em nhé!","HS thực hành tính xác suất bước P",4,3,"P","Practice","d4i6e5h2f7g0",6,"Trung bình","MSG00052"
"2026-03-26 10:00:00","HS0004","11A2","Xác suất","Học sinh trung bình tuân thủ luồng GPS","P(chia hết cho 3) = 1/3 em tính đúng rồi ạ. AI xác nhận giúp em.","Đúng rồi em! P = 2/6 = 1/3. Em làm chắc tay rồi đó. Tiếp tục ôn nhé!","HS chốt kết quả bước S",5,3,"S","Solve","d4i6e5h2f7g0",4,"Trung bình","MSG00053"
"2026-03-26 10:30:00","HS0005","11A3","Chỉnh hợp","Học sinh trung bình học theo từng bước","AI ơi A(n,k) khác C(n,k) ở điểm nào quan trọng nhất ạ?","Điểm khác biệt cốt lõi: A(n,k) quan tâm thứ tự còn C(n,k) thì không. Hệ thức A(n,k) = k! × C(n,k). Nhớ quy tắc đó là phân biệt được ngay em nhé!","HS hỏi lại sự khác biệt bước G",4,3,"G","Guide","e5j7f6i3g8h1",5,"Trung bình","MSG00054"
"2026-03-26 11:20:00","HS0005","11A3","Chỉnh hợp","Học sinh trung bình học theo từng bước","Bầu lớp trưởng và bí thư từ 10 bạn thì A(10,2)=90 đúng không ạ?","Đúng em! A(10,2) = 10×9 = 90. Vì 2 chức vụ khác nhau nên thứ tự quan trọng ta dùng chỉnh hợp. Em hiểu đúng rồi!","HS áp dụng vào bài toán bước P",4,3,"P","Practice","e5j7f6i3g8h1",6,"Trung bình","MSG00055"
"2026-03-27 07:45:00","HS0006","11A1","Nhị thức Newton","Học sinh trung bình đi theo tiến độ AI","AI ơi tam giác Pascal là gì ạ? Liên quan nhị thức Newton không?","Có liên quan chặt chẽ em ơi! Hàng thứ n của tam giác Pascal chính là các hệ số C(n,0) C(n,1) ... C(n,n) trong khai triển (a+b)^n.","HS hỏi về tam giác Pascal bước G",4,4,"G","Guide","f6k8g7j4h9i2",7,"Trung bình","MSG00056"
"2026-03-27 08:40:00","HS0006","11A1","Nhị thức Newton","Học sinh trung bình đi theo tiến độ AI","Hàng thứ 4 của tam giác Pascal là 1 4 6 4 1 đúng không AI ơi?","Đúng rồi em! Hàng thứ 4 (n=4): C(4,0)=1 C(4,1)=4 C(4,2)=6 C(4,3)=4 C(4,4)=1. Em nhớ tốt lắm!","HS xác nhận tam giác Pascal bước P",4,4,"P","Practice","f6k8g7j4h9i2",6,"Trung bình","MSG00057"
"2026-03-27 09:30:00","HS0006","11A1","Nhị thức Newton","Học sinh trung bình đi theo tiến độ AI","Vậy khai triển (a+b)^4 = a^4+4a^3b+6a^2b^2+4ab^3+b^4 đúng không ạ?","Chính xác 100% em! Đúng với các hệ số từ hàng 4 của tam giác Pascal. Em nắm chắc rồi!","HS khai triển đúng bước S",5,4,"S","Solve","f6k8g7j4h9i2",5,"Trung bình","MSG00058"
"2026-03-27 10:15:00","HS0007","11A2","Xác suất","Học sinh trung bình tuân thủ gợi ý AI","AI ơi xác suất có điều kiện P(A|B) là gì ạ?","P(A|B) là xác suất A xảy ra khi biết B đã xảy ra. Công thức P(A|B) = P(A∩B)/P(B) với P(B) > 0 em nhé!","HS học xác suất có điều kiện bước G",4,4,"G","Guide","g7l9h8k5i0j3",6,"Trung bình","MSG00059"
"2026-03-27 11:10:00","HS0007","11A2","Xác suất","Học sinh trung bình tuân thủ gợi ý AI","P(A∩B)=0.12 P(B)=0.4 thì P(A|B)=0.3 đúng không ạ? Em tính rồi.","Đúng rồi em! P(A|B) = 0.12/0.4 = 0.3. Em áp dụng công thức đúng rồi. Tốt lắm!","HS tính đúng xác suất có điều kiện bước P",5,4,"P","Practice","g7l9h8k5i0j3",5,"Trung bình","MSG00060"
"2026-03-28 08:00:00","HS0008","11A3","Tổ hợp","Học sinh trung bình học từng bước cẩn thận","AI ơi bài toán chia nhóm thì dùng tổ hợp hay chỉnh hợp ạ?","Chia nhóm không quan tâm thứ tự trong nhóm thì dùng tổ hợp em. Ví dụ chia 10 bạn thành 2 nhóm 5 người thì dùng C(10,5).","HS hỏi cách nhận dạng bài toán bước G",4,3,"G","Guide","h8m0i9l6j1k4",6,"Trung bình","MSG00061"
"2026-03-28 09:00:00","HS0008","11A3","Tổ hợp","Học sinh trung bình học từng bước cẩn thận","Chia 8 học sinh thành nhóm A(4 bạn) và nhóm B(4 bạn) thì C(8,4)=70 cách đúng không ạ?","Đúng em! C(8,4) = 70. Sau khi chọn 4 bạn vào nhóm A thì 4 bạn còn lại tự động vào nhóm B. Em hiểu đúng rồi!","HS giải đúng bài toán chia nhóm bước P",5,3,"P","Practice","h8m0i9l6j1k4",7,"Trung bình","MSG00062"
"2026-03-28 10:00:00","HS0009","11A1","Hoán vị","Học sinh trung bình đi theo gợi ý của AI","AI ơi xếp 5 người thành vòng tròn thì tính thế nào ạ?","Hoán vị vòng tròn của n phần tử bằng (n-1)! em nhé. Xếp 5 người thành vòng tròn có (5-1)! = 4! = 24 cách.","HS học hoán vị vòng tròn bước G",4,4,"G","Guide","i9n1j0m7k2l5",6,"Trung bình","MSG00063"
"2026-03-28 11:00:00","HS0009","11A1","Hoán vị","Học sinh trung bình đi theo gợi ý của AI","6 người ngồi quanh bàn tròn thì (6-1)!=120 cách đúng không ạ? AI ơi.","Đúng rồi em! (6-1)! = 5! = 120 cách. Em nhớ công thức tốt lắm. Lưu ý bàn tròn thì cố định một người làm mốc nhé!","HS áp dụng hoán vị vòng tròn bước P",5,4,"P","Practice","i9n1j0m7k2l5",5,"Trung bình","MSG00064"
"2026-03-29 08:00:00","HS0010","11A2","Nhị thức Newton","Học sinh trung bình hay hỏi cách làm","Tìm số hạng không chứa x trong (x + 1/x)^6 thế nào ạ AI ơi?","Số hạng T(k+1) = C(6,k)×x^(6-k)×(1/x)^k = C(6,k)×x^(6-2k). Để không chứa x thì 6-2k=0 suy ra k=3. T4 = C(6,3) = 20.","HS học dạng bài nâng cao bước G",4,4,"G","Guide","j0o2k1n8l3m6",8,"Trung bình","MSG00065"
"2026-03-29 09:00:00","HS0010","11A2","Nhị thức Newton","Học sinh trung bình hay hỏi cách làm","Em ra số hạng không chứa x là 20 đúng không ạ? AI kiểm tra giúp em.","Chuẩn xác! Số hạng không chứa x là C(6,3) = 20. Em làm đúng rồi đó!","HS chốt kết quả đúng bước S",5,4,"S","Solve","j0o2k1n8l3m6",5,"Trung bình","MSG00066"
"2026-03-29 09:30:00","HS0001","11A1","Xác suất","Học sinh giỏi tự tin hay bỏ qua bước hướng dẫn","P(A∪B) khi A B độc lập P(A)=1/3 P(B)=1/4 thì bằng 1/2 không AI?","Đúng rồi em! P(A∪B) = P(A)+P(B)-P(A)×P(B) = 1/3+1/4-1/12 = 6/12 = 1/2. Em tính chuẩn!","HS nhảy thẳng vào xác nhận đáp án bước S",5,2,"S","Solve","a1f3b2e9c4d7",2,"Khá/Giỏi","MSG00067"
"2026-03-29 10:15:00","HS0002","11A2","Tổ hợp","Học sinh giỏi hay skip bước G","Số cách chọn ít nhất 2 trong 5 bạn = C(5,2)+C(5,3)+C(5,4)+C(5,5)=26 đúng không?","Chính xác em! 10+10+5+1 = 26 cách. Hoặc dùng 2^5 - C(5,0) - C(5,1) = 32-1-5 = 26. Em biết cả 2 cách luôn!","HS tự giải bài nâng cao chốt S ngay",5,3,"S","Solve","b2g4c3f0d5e8",3,"Khá/Giỏi","MSG00068"
"2026-03-29 11:00:00","HS0003","11A1","Nhị thức Newton","Học sinh khá câu hỏi ngắn gọn tự tin","Tổng các hệ số khai triển (1+x)^8 bằng 2^8=256 đúng không AI ơi?","Chính xác! Thay x=1 vào (1+x)^8 = 2^8 = 256. Em nắm vững tính chất nhị thức Newton rồi!","HS áp dụng tính chất tổng hệ số bước S",5,2,"S","Solve","c3h5d4g1e6f9",2,"Khá/Giỏi","MSG00069"
"2026-03-30 08:00:00","HS0011","11A3","Xác suất","Học sinh trung bình học đều đặn","AI ơi phép thử ngẫu nhiên là gì ạ? Em chưa hiểu rõ.","Phép thử ngẫu nhiên là thí nghiệm mà ta không biết trước kết quả nhưng biết tập tất cả kết quả có thể. Ví dụ tung xúc xắc là phép thử có không gian mẫu {1;2;3;4;5;6}.","HS học định nghĩa phép thử bước G",4,3,"G","Guide","k1p3l2o9m4n7",6,"Trung bình","MSG00070"
"2026-03-30 09:00:00","HS0011","11A3","Xác suất","Học sinh trung bình học đều đặn","Không gian mẫu khi tung 2 đồng xu là 4 phần tử đúng không ạ? Gồm SS SN NS NN?","Chính xác em! Ω = {SS;SN;NS;NN} có 4 phần tử. Em liệt kê đúng và đầy đủ rồi!","HS xác định đúng không gian mẫu bước P",4,3,"P","Practice","k1p3l2o9m4n7",5,"Trung bình","MSG00071"
"2026-03-30 10:00:00","HS0011","11A3","Xác suất","Học sinh trung bình học đều đặn","P(2 đồng xu cùng mặt) = 2/4 = 1/2 đúng không AI ơi?","Đúng rồi em! {SS;NN} có 2 kết quả trên 4 nên P = 1/2. Em làm chắc tay rồi!","HS tính đúng xác suất bước S",5,3,"S","Solve","k1p3l2o9m4n7",4,"Trung bình","MSG00072"
"2026-03-30 10:30:00","HS0017","11A3","Chỉnh hợp","Học sinh yếu hay bị kẹt cần giải thích nhiều lần","AI ơi chỉnh hợp là gì ạ? Em đọc định nghĩa không hiểu mấy.","Chỉnh hợp là chọn và sắp xếp k phần tử từ n phần tử có quan tâm thứ tự. Ví dụ xếp chỗ ngồi cho 2 bạn từ 4 bạn: AB≠BA nên có thứ tự.","HS yếu học khái niệm chỉnh hợp bước G lần 1",2,5,"G","Guide","q7v9r8u5s0t3",18,"Yếu","MSG00073"
"2026-03-30 11:20:00","HS0017","11A3","Chỉnh hợp","Học sinh yếu hay bị kẹt cần giải thích nhiều lần","Sao lại AB≠BA ạ? Em vẫn chưa hiểu phần thứ tự này. AI giải thích lại đi ạ.","Ví dụ: xếp Minh và Hoa vào ghế 1 và ghế 2. Minh-ghế1/Hoa-ghế2 khác Hoa-ghế1/Minh-ghế2. Vị trí ngồi khác nhau nên là 2 cách khác nhau em!","HS cần giải thích cụ thể bước G lần 2",2,5,"G","Guide","q7v9r8u5s0t3",16,"Yếu","MSG00074"
"2026-03-30 12:00:00","HS0017","11A3","Chỉnh hợp","Học sinh yếu hay bị kẹt cần giải thích nhiều lần","À em hiểu rồi ạ. AI hướng dẫn em tính A(4,2) từng bước ạ.","A(4,2) = 4×3 = 12. Bước 1: chọn bạn đầu tiên có 4 cách. Bước 2: chọn bạn thứ 2 còn 3 bạn. Nhân lại: 4×3=12.","HS bắt đầu thực hành bước P",3,5,"P","Practice","q7v9r8u5s0t3",13,"Yếu","MSG00075"
"2026-03-31 08:00:00","HS0017","11A3","Chỉnh hợp","Học sinh yếu hay bị kẹt cần giải thích nhiều lần","A(4,2)=12 em tính ra rồi nhưng không chắc AI ơi. Đúng chưa ạ?","Đúng rồi em! A(4,2) = 12. Em đã hiểu và tính đúng rồi đó. Hãy tự tin lên nha!","HS chốt đúng kết quả bước S sau nhiều lần lặp",3,5,"S","Solve","q7v9r8u5s0t3",11,"Yếu","MSG00076"
"2026-03-31 08:30:00","HS0018","11A1","Tổ hợp","Học sinh yếu hay bị kẹt lặp lại bước G","AI ơi tổ hợp em vẫn chưa hiểu lắm. Giải thích lại bằng ví dụ thực tế được không ạ?","Ví dụ thực tế: mua pizza chọn 2 topping từ 4 loại (phô mai/ thịt/ nấm/ ớt). Không quan tâm bỏ vào trước sau. Số cách = C(4,2) = 6.","HS yếu cần ví dụ đời thường để hiểu tổ hợp bước G",2,5,"G","Guide","r8w0s9v6t1u4",17,"Yếu","MSG00077"
"2026-03-31 09:30:00","HS0018","11A1","Tổ hợp","Học sinh yếu hay bị kẹt lặp lại bước G","Ví dụ pizza dễ hiểu hơn ạ. Vậy C(4,2) = 6 là em tính thế nào ạ?","C(4,2) = 4!/(2!×2!) = (4×3)/(2×1) = 12/2 = 6 em nhé. Bước 1: tử số 4×3. Bước 2: mẫu số 2×1. Bước 3: chia ra.","HS bắt đầu thực hành tính tổ hợp bước P",3,5,"P","Practice","r8w0s9v6t1u4",15,"Yếu","MSG00078"
"2026-03-31 10:30:00","HS0018","11A1","Tổ hợp","Học sinh yếu hay bị kẹt lặp lại bước G","Em thử C(5,2) = (5×4)/(2×1) = 10. Đúng không AI ơi?","Đúng rồi em! C(5,2) = 10. Em đã hiểu cách tính rồi đó. Tiến bộ rõ lắm!","HS tự tính được tổ hợp bước P lần 2 chắc hơn",4,4,"P","Practice","r8w0s9v6t1u4",12,"Yếu","MSG00079"
"2026-03-31 11:15:00","HS0019","11A2","Xác suất","Học sinh yếu cần nhiều hướng dẫn cơ bản","AI ơi giải thích không gian mẫu là gì ạ? Em chưa hiểu.","Không gian mẫu Ω là tập hợp tất cả kết quả có thể của phép thử. Ví dụ tung 1 đồng xu: Ω = {Sấp; Ngửa}. Tung xúc xắc: Ω = {1;2;3;4;5;6}.","HS yếu hỏi khái niệm cơ bản bước G",2,5,"G","Guide","s9x1t0w7u2v5",19,"Yếu","MSG00080"
"2026-04-01 08:00:00","HS0019","11A2","Xác suất","Học sinh yếu cần nhiều hướng dẫn cơ bản","Tung 2 xúc xắc không gian mẫu có 36 phần tử đúng không ạ? AI ơi xác nhận giúp em.","Đúng rồi em! Mỗi xúc xắc 6 mặt nên 2 xúc xắc có 6×6 = 36 cặp kết quả. Em suy luận đúng rồi!","HS xác nhận không gian mẫu bước P",3,4,"P","Practice","s9x1t0w7u2v5",14,"Yếu","MSG00081"
"2026-04-01 09:00:00","HS0019","11A2","Xác suất","Học sinh yếu cần nhiều hướng dẫn cơ bản","P(tổng 2 xúc xắc = 7) thì có 6 kết quả thuận lợi. P = 6/36 = 1/6 đúng không ạ?","Đúng em! (1,6)(2,5)(3,4)(4,3)(5,2)(6,1) là 6 cặp có tổng 7. P = 6/36 = 1/6. Em làm được rồi!","HS tính đúng xác suất sau nhiều bước G/P bước S",4,4,"S","Solve","s9x1t0w7u2v5",13,"Yếu","MSG00082"
"2026-04-01 09:30:00","HS0012","11A1","Chỉnh hợp","Học sinh trung bình chăm chỉ làm bài","AI ơi hướng dẫn em phân biệt lúc nào dùng A lúc nào dùng C ạ.","Mẹo nhận dạng: bài có từ khóa xếp/sắp/thứ tự/chức vụ → dùng A(n,k). Bài có từ khóa chọn/nhóm/tập → dùng C(n,k).","HS học mẹo nhận dạng bài toán bước G",4,3,"G","Guide","l2q4m3p0n5o8",5,"Trung bình","MSG00083"
"2026-04-01 10:20:00","HS0012","11A1","Chỉnh hợp","Học sinh trung bình chăm chỉ làm bài","Xếp 3 bạn vào 3 ghế từ 7 bạn thì A(7,3)=210 đúng không ạ?","Đúng rồi em! A(7,3) = 7×6×5 = 210. Có từ khóa xếp ghế nên dùng chỉnh hợp là đúng rồi!","HS nhận dạng và tính đúng bước P",5,3,"P","Practice","l2q4m3p0n5o8",5,"Trung bình","MSG00084"
"2026-04-01 11:10:00","HS0013","11A2","Tổ hợp","Học sinh trung bình cần hướng dẫn từng bước","AI ơi bài toán đường đi lưới ô vuông liên quan tổ hợp không ạ?","Có em! Đi từ A đến B trên lưới m×n (chỉ đi phải hoặc lên) thì số đường đi = C(m+n;m). Vì chọn m bước sang phải trong tổng m+n bước.","HS học ứng dụng tổ hợp trong bài toán đường đi bước G",4,4,"G","Guide","m3r5n4q1o6p9",7,"Trung bình","MSG00085"
"2026-04-01 12:00:00","HS0013","11A2","Tổ hợp","Học sinh trung bình cần hướng dẫn từng bước","Đi từ góc A đến góc B lưới 3×4 thì C(7,3)=35 cách đúng không ạ?","Đúng em! Cần 3 bước phải và 4 bước lên tổng 7 bước. C(7,3) = 35 cách. Em áp dụng tốt lắm!","HS giải đúng bài đường đi bước S",5,4,"S","Solve","m3r5n4q1o6p9",6,"Trung bình","MSG00086"
"2026-04-02 08:00:00","HS0014","11A3","Xác suất","Học sinh trung bình thích ví dụ cụ thể","AI ơi trong hộp có 5 bi đỏ 3 bi xanh. Rút 1 bi P(đỏ) = ? ạ","P(đỏ) = 5/(5+3) = 5/8 em nhé. Tổng số bi là 8 còn bi đỏ là 5.","HS thực hành bài toán hộp bi bước P",4,3,"P","Practice","n4s6o5r2p7q0",4,"Trung bình","MSG00087"
"2026-04-02 09:00:00","HS0014","11A3","Xác suất","Học sinh trung bình thích ví dụ cụ thể","Rút 2 bi không hoàn lại P(cả 2 đỏ) thì tính thế nào AI ơi?","P(cả 2 đỏ) = C(5,2)/C(8,2) = 10/28 = 5/14. Lấy số cách chọn 2 đỏ chia tổng số cách chọn 2 bi em nhé!","HS học xác suất hình học bước G",4,4,"G","Guide","n4s6o5r2p7q0",6,"Trung bình","MSG00088"
"2026-04-02 10:00:00","HS0014","11A3","Xác suất","Học sinh trung bình thích ví dụ cụ thể","P(cả 2 đỏ) = 5/14 em tính ra rồi ạ. AI xem đúng chưa ạ?","Đúng rồi em! P = C(5,2)/C(8,2) = 10/28 = 5/14. Em làm chắc tay rồi đó!","HS chốt kết quả đúng bước S",5,4,"S","Solve","n4s6o5r2p7q0",5,"Trung bình","MSG00089"
"2026-04-02 10:30:00","HS0015","11A1","Tổ hợp","Học sinh trung bình hay hỏi cặn kẽ","AI ơi C(n,k) = C(n, n-k) là tính chất gì ạ? Tại sao vậy?","Đây là tính chất đối xứng của tổ hợp. Chọn k phần tử thì cũng đồng thời loại ra n-k phần tử nên C(n,k) = C(n,n-k). Rất hữu dụng khi tính toán em nhé!","HS hỏi tính chất tổ hợp bước G",4,3,"G","Guide","o5t7p6s3q8r1",6,"Trung bình","MSG00090"
"2026-04-02 11:30:00","HS0015","11A1","Tổ hợp","Học sinh trung bình hay hỏi cặn kẽ","C(20,17) = C(20,3) = 1140 đúng không ạ? Em dùng tính chất đối xứng.","Đúng và thông minh lắm em! Thay vì tính C(20,17) rất phức tạp thì dùng C(20,3) = 1140 nhanh hơn nhiều. Em biết áp dụng rồi!","HS áp dụng tính chất đúng bước P",5,3,"P","Practice","o5t7p6s3q8r1",5,"Trung bình","MSG00091"
"2026-04-03 08:00:00","HS0016","11A2","Nhị thức Newton","Học sinh trung bình học theo tiến độ đề xuất","AI ơi tìm hệ số lớn nhất trong khai triển (1+x)^6 ạ.","Các hệ số là C(6,0)=1 C(6,1)=6 C(6,2)=15 C(6,3)=20 C(6,4)=15 C(6,5)=6 C(6,6)=1. Hệ số lớn nhất là C(6,3)=20 ở giữa em nhé!","HS học tính chất hệ số nhị thức bước G",4,4,"G","Guide","p6u8q7t4r9s2",7,"Trung bình","MSG00092"
"2026-04-03 09:00:00","HS0016","11A2","Nhị thức Newton","Học sinh trung bình học theo tiến độ đề xuất","Trong (1+x)^8 hệ số lớn nhất là C(8,4)=70 đúng không AI ơi?","Đúng em! Với n=8 chẵn thì hệ số giữa C(8,4) = 70 là lớn nhất. Em nắm được quy luật rồi!","HS xác định hệ số lớn nhất đúng bước P",5,4,"P","Practice","p6u8q7t4r9s2",5,"Trung bình","MSG00093"
"2026-04-03 10:00:00","HS0001","11A1","Tổ hợp","Học sinh giỏi tự tin hay bỏ qua bước hướng dẫn","Số tập con của tập A có 6 phần tử là 2^6=64 đúng không AI?","Đúng vậy! Tổng số tập con = 2^6 = 64. Dùng nhị thức Newton: tổng C(6,0)+...+C(6,6) = 2^6. Em nhớ luôn công thức tổng hệ số!","HS xác nhận kết quả nhanh bước S",5,2,"S","Solve","a1f3b2e9c4d7",2,"Khá/Giỏi","MSG00094"
"2026-04-03 10:45:00","HS0002","11A2","Xác suất","Học sinh giỏi hay skip bước G","Nếu P(A)=0.5 P(B|A)=0.6 thì P(A∩B)=0.3 đúng không AI?","Đúng rồi! P(A∩B) = P(A)×P(B|A) = 0.5×0.6 = 0.3. Em áp dụng công thức nhân xác suất chuẩn rồi!","HS chốt bài toán xác suất có điều kiện bước S",5,2,"S","Solve","b2g4c3f0d5e8",2,"Khá/Giỏi","MSG00095"
"2026-04-03 11:30:00","HS0003","11A1","Tổ hợp","Học sinh khá câu hỏi ngắn gọn tự tin","Hệ số x^3 trong khai triển (2x+1)^5 là C(5,3)×2^3=80 đúng không AI ơi?","Chính xác! T4 = C(5,3)×(2x)^3×1^2 = 10×8×x^3 = 80x^3. Hệ số là 80. Em tính nhanh quá!","HS tính đúng bài nhị thức nâng cao bước S",5,3,"S","Solve","c3h5d4g1e6f9",3,"Khá/Giỏi","MSG00096"
"2026-04-04 08:00:00","HS0020","11A1","Xác suất","Học sinh cá biệt chỉ muốn xin đáp án","AI ơi P(A)=0.3 P(B)=0.4 thì P(A∪B) bằng bao nhiêu? Cho em đáp án luôn đi ạ.","Nếu A và B xung khắc thì P(A∪B) = 0.7. Nếu độc lập thì P(A∪B) = 0.58. Em cần biết A B có quan hệ gì thì mới tính được nhé!","HS xin đáp án nhưng thiếu dữ kiện",2,3,"S","Off-topic","t0y2u1x8v3w6",1,"Cá biệt","MSG00097"
"2026-04-04 09:00:00","HS0020","11A1","Hoán vị","Học sinh cá biệt hay hỏi ngoài lề","AI ơi bài kiểm tra tới có ra mấy câu tổ hợp không ạ?","Mình không biết đề kiểm tra của lớp em đâu ạ. Nhưng tổ hợp và xác suất thường chiếm khoảng 20-30% đề. Em ôn kỹ phần nào yếu nhất là ổn nhé!","HS hỏi ngoài lề về đề kiểm tra",1,1,"G","Off-topic","t0y2u1x8v3w6",1,"Cá biệt","MSG00098"
"2026-04-04 10:00:00","HS0004","11A2","Tổ hợp","Học sinh trung bình tuân thủ luồng GPS","AI ơi hướng dẫn em bài toán chia đồ vật vào hộp ạ.","Chia n đồ vật khác nhau vào k hộp phân biệt thì mỗi đồ vật có k lựa chọn. Tổng số cách = k^n. Ví dụ 3 đồ vật vào 2 hộp = 2^3 = 8 cách.","HS học dạng toán chia đồ vật bước G",4,4,"G","Guide","d4i6e5h2f7g0",7,"Trung bình","MSG00099"
"2026-04-04 11:00:00","HS0004","11A2","Tổ hợp","Học sinh trung bình tuân thủ luồng GPS","4 học sinh vào 3 phòng khác nhau thì 3^4=81 cách đúng không ạ? AI ơi.","Đúng rồi em! Mỗi trong 4 bạn có 3 lựa chọn phòng nên tổng = 3^4 = 81 cách. Em áp dụng đúng công thức rồi!","HS chốt bài toán phân phối đúng bước S",5,4,"S","Solve","d4i6e5h2f7g0",5,"Trung bình","MSG00100"
"2026-04-05 08:00:00","HS0005","11A3","Xác suất","Học sinh trung bình học theo từng bước","AI ơi công thức Bayes là gì ạ? Em nghe thầy nhắc nhưng chưa học.","Công thức Bayes: P(Ai|B) = P(Ai)×P(B|Ai) / tổng P(Aj)×P(B|Aj). Dùng khi biết kết quả B và muốn tìm nguyên nhân Ai. Lớp 11 chưa thi sâu phần này em nhé!","HS hỏi vượt chương trình bước G",4,4,"G","Guide","e5j7f6i3g8h1",6,"Trung bình","MSG00101"
"2026-04-05 09:00:00","HS0005","11A3","Xác suất","Học sinh trung bình học theo từng bước","Vậy AI hướng dẫn em bài xác suất toàn phần đơn giản ạ.","Xác suất toàn phần: P(B) = P(A1)×P(B|A1) + P(A2)×P(B|A2). Ví dụ: hộp 1 có 3 đỏ 2 xanh hộp 2 có 1 đỏ 4 xanh. Chọn ngẫu nhiên 1 hộp rồi rút 1 bi.","HS học xác suất toàn phần bước G",4,4,"G","Guide","e5j7f6i3g8h1",7,"Trung bình","MSG00102"
"2026-04-05 10:00:00","HS0005","11A3","Xác suất","Học sinh trung bình học theo từng bước","P(rút được bi đỏ) = 1/2×3/5 + 1/2×1/5 = 3/10+1/10 = 4/10 = 2/5 ạ. Đúng không AI?","Đúng rồi em! P(đỏ) = 0.5×0.6 + 0.5×0.2 = 0.3+0.1 = 0.4 = 2/5. Em tính chuẩn rồi đó!","HS tính đúng xác suất toàn phần bước S",5,4,"S","Solve","e5j7f6i3g8h1",5,"Trung bình","MSG00103"
"2026-04-05 08:15:00","HS0006","11A1","Tổ hợp","Học sinh trung bình đi theo tiến độ AI","AI ơi bài toán bắt tay: n người bắt tay nhau thì số lần bắt tay là bao nhiêu ạ?","Mỗi cặp người bắt tay 1 lần không quan tâm thứ tự nên dùng tổ hợp. Số lần bắt tay = C(n,2) = n(n-1)/2. Ví dụ 10 người bắt tay: C(10,2) = 45 lần.","HS học ứng dụng tổ hợp bài bắt tay bước G",4,3,"G","Guide","f6k8g7j4h9i2",5,"Trung bình","MSG00104"
"2026-04-05 09:15:00","HS0006","11A1","Tổ hợp","Học sinh trung bình đi theo tiến độ AI","Lớp 40 HS bắt tay nhau thì C(40,2)=780 lần đúng không AI ơi?","Đúng em! C(40,2) = 40×39/2 = 780 lần bắt tay. Em tính chính xác!","HS áp dụng đúng vào bài toán thực tế bước P",5,3,"P","Practice","f6k8g7j4h9i2",4,"Trung bình","MSG00105"
"2026-04-05 10:00:00","HS0007","11A2","Nhị thức Newton","Học sinh trung bình tuân thủ gợi ý AI","AI ơi tìm số hạng chứa x^4 trong (x^2 + 1/x)^7 ạ.","T(k+1) = C(7,k)×(x^2)^(7-k)×(1/x)^k = C(7,k)×x^(14-2k-k) = C(7,k)×x^(14-3k). Để có x^4 thì 14-3k=4 suy ra k=10/3 không nguyên. Vậy không có số hạng chứa x^4 em nhé!","HS giải bài nhị thức nâng cao bước G",4,5,"G","Guide","g7l9h8k5i0j3",8,"Trung bình","MSG00106"
"2026-04-05 11:00:00","HS0007","11A2","Nhị thức Newton","Học sinh trung bình tuân thủ gợi ý AI","Vậy số hạng chứa x^5 thì 14-3k=5 suy ra k=3 thì T4=C(7,3)×x^5=35x^5 đúng không ạ?","Chính xác em! T4 = C(7,3)×x^5 = 35x^5. Em biết điều chỉnh từ bài mẫu rất tốt!","HS tự mở rộng bài tập và chốt đúng bước S",5,5,"S","Solve","g7l9h8k5i0j3",6,"Trung bình","MSG00107"
"2026-04-05 08:30:00","HS0008","11A3","Xác suất","Học sinh trung bình học từng bước cẩn thận","AI ơi biến cố xung khắc và biến cố đối khác nhau chỗ nào ạ?","Biến cố đối của A là Ā: không có phần tử chung và hợp lại = Ω. Xung khắc chỉ cần không có phần tử chung. A và Ā luôn xung khắc nhưng 2 biến cố xung khắc chưa chắc là đối nhau.","HS phân biệt hai khái niệm bước G",4,4,"G","Guide","h8m0i9l6j1k4",7,"Trung bình","MSG00108"
"2026-04-05 09:30:00","HS0008","11A3","Xác suất","Học sinh trung bình học từng bước cẩn thận","A={1;2} B={3;4} trên Ω={1;2;3;4;5;6} thì A và B xung khắc nhưng không phải đối nhau vì còn {5;6} đúng không ạ?","Đúng hoàn toàn em! A và B xung khắc (A∩B=∅) nhưng không đối nhau vì A∪B≠Ω. Em phân tích chuẩn xác rồi!","HS phân biệt đúng bằng ví dụ cụ thể bước P",5,4,"P","Practice","h8m0i9l6j1k4",6,"Trung bình","MSG00109"
"2026-04-05 08:00:00","HS0009","11A1","Tổ hợp","Học sinh trung bình đi theo gợi ý của AI","AI ơi bài toán chia đội: từ 6 nam 4 nữ chọn đội 5 người có ít nhất 2 nữ tính thế nào ạ?","Chia trường hợp: 2 nữ 3 nam: C(4,2)×C(6,3). 3 nữ 2 nam: C(4,3)×C(6,2). 4 nữ 1 nam: C(4,4)×C(6,1). Cộng lại em nhé!","HS học bài toán đếm theo trường hợp bước G",4,4,"G","Guide","i9n1j0m7k2l5",7,"Trung bình","MSG00110"
"2026-04-05 09:10:00","HS0009","11A1","Tổ hợp","Học sinh trung bình đi theo gợi ý của AI","6×20 + 4×15 + 1×6 = 120+60+6 = 186 cách đúng không AI ơi?","Đúng rồi em! C(4,2)×C(6,3)=6×20=120. C(4,3)×C(6,2)=4×15=60. C(4,4)×C(6,1)=1×6=6. Tổng = 186. Em tính chuẩn rồi!","HS tính đúng bài toán phức tạp bước S",5,4,"S","Solve","i9n1j0m7k2l5",7,"Trung bình","MSG00111"
"2026-04-03 08:30:00","HS0017","11A3","Xác suất","Học sinh yếu hay bị kẹt cần giải thích nhiều lần","AI ơi em chưa hiểu xác suất là gì luôn ạ. Bắt đầu từ đầu được không?","Được em! Xác suất là con số nói lên khả năng xảy ra của sự kiện. P = 0 là không thể còn P = 1 là chắc chắn. Ví dụ P(trời mưa hôm nay) có thể là 0.7 tức 70% khả năng.","HS yếu cần học xác suất từ đầu bước G lần 1",2,5,"G","Guide","q7v9r8u5s0t3",20,"Yếu","MSG00112"
"2026-04-03 09:30:00","HS0017","11A3","Xác suất","Học sinh yếu hay bị kẹt cần giải thích nhiều lần","AI ơi em vẫn chưa hình dung được. Ví dụ con số 0.7 đó từ đâu ra vậy ạ?","Tốt là em hỏi! Trong toán lớp 11 ta tính theo công thức P = số kết quả thuận lợi chia tổng số kết quả. Ví dụ gieo xúc xắc P(ra số 2) = 1/6 vì chỉ có 1 mặt số 2 trong 6 mặt.","HS cần giải thích thêm bước G lần 2",2,5,"G","Guide","q7v9r8u5s0t3",18,"Yếu","MSG00113"
"2026-04-03 10:30:00","HS0017","11A3","Xác suất","Học sinh yếu hay bị kẹt cần giải thích nhiều lần","Gieo xúc xắc P(ra số chẵn) = 3/6 = 1/2 ạ. Em thử tính thấy đúng không ạ AI?","Đúng rồi em! Số chẵn là {2;4;6} có 3 mặt trên 6 mặt. P = 3/6 = 1/2. Em tính đúng rồi đó. Tiến bộ lắm!","HS bắt đầu tự tính được bước P",3,5,"P","Practice","q7v9r8u5s0t3",13,"Yếu","MSG00114"
"2026-04-03 11:15:00","HS0017","11A3","Xác suất","Học sinh yếu hay bị kẹt cần giải thích nhiều lần","P(ra số lớn hơn 4) = 2/6 = 1/3 đúng không ạ? Là {5;6} đúng không AI ơi?","Đúng chính xác em! {5;6} có 2 phần tử. P = 2/6 = 1/3. Em hiểu rồi và làm được rồi đó. Giỏi lắm!","HS tự làm được bài sau nhiều lần bước S",4,4,"S","Solve","q7v9r8u5s0t3",11,"Yếu","MSG00115"
"2026-04-03 08:00:00","HS0018","11A1","Chỉnh hợp","Học sinh yếu hay bị kẹt lặp lại bước G","AI ơi em bị lẫn lộn giữa chỉnh hợp và tổ hợp hoài. Giải thích lại ạ.","Mẹo dễ nhớ: Nếu đổi vị trí mà thành kết quả khác → chỉnh hợp. Nếu đổi vị trí vẫn như cũ → tổ hợp. Ví dụ đội bóng không đổi dù hoán vị → tổ hợp. Chức vụ đổi là khác → chỉnh hợp.","HS yếu cần mẹo phân biệt bước G lần 1",2,5,"G","Guide","r8w0s9v6t1u4",17,"Yếu","MSG00116"
"2026-04-03 09:00:00","HS0018","11A1","Chỉnh hợp","Học sinh yếu hay bị kẹt lặp lại bước G","Vậy chọn đội bóng 5 người từ 11 người dùng tổ hợp còn xếp hàng thì dùng chỉnh hợp đúng không ạ?","Đúng rồi em! Chọn đội: C(11,5) vì đội {A;B;C;D;E} không đổi khi hoán vị. Xếp hàng: A(11,5) vì đứng đầu hàng khác đứng cuối hàng.","HS phân biệt được qua ví dụ bước G lần 2 chắc hơn",3,5,"G","Guide","r8w0s9v6t1u4",14,"Yếu","MSG00117"
"2026-04-03 10:00:00","HS0018","11A1","Chỉnh hợp","Học sinh yếu hay bị kẹt lặp lại bước G","AI ơi A(6,3) em tính từng bước thì bằng 6×5×4=120 đúng không ạ?","Đúng em! A(6,3) = 6×5×4 = 120. Bước 1 là 6 bước 2 là 5 bước 3 là 4 nhân lại ra 120. Em làm đúng rồi!","HS tính đúng chỉnh hợp sau khi hiểu bước P",3,5,"P","Practice","r8w0s9v6t1u4",13,"Yếu","MSG00118"
"2026-04-04 08:00:00","HS0018","11A1","Chỉnh hợp","Học sinh yếu hay bị kẹt lặp lại bước G","Xếp 4 bạn vào 4 ghế từ 7 bạn thì A(7,4)=840 cách. Em tính ra rồi AI ơi đúng chưa ạ?","Đúng rồi em! A(7,4) = 7×6×5×4 = 840. Em đã tự tính được rồi không cần AI nhắc từng bước nữa. Tiến bộ vượt bậc!","HS tự tính được bài mới bước S",4,4,"S","Solve","r8w0s9v6t1u4",10,"Yếu","MSG00119"
"2026-04-04 08:30:00","HS0019","11A2","Tổ hợp","Học sinh yếu cần nhiều hướng dẫn cơ bản","AI ơi C(n,0) = 1 và C(n,n) = 1 là tại sao ạ?","C(n,0) = 1 vì chỉ có 1 cách chọn 0 phần tử là không chọn gì. C(n,n) = 1 vì chỉ có 1 cách chọn tất cả. Hai trường hợp đặc biệt này em nhớ thuộc lòng nhé!","HS hỏi trường hợp đặc biệt bước G",3,4,"G","Guide","s9x1t0w7u2v5",16,"Yếu","MSG00120"
"2026-04-04 09:30:00","HS0019","11A2","Tổ hợp","Học sinh yếu cần nhiều hướng dẫn cơ bản","C(5,0)+C(5,1)+C(5,2)+C(5,3)+C(5,4)+C(5,5) = 1+5+10+10+5+1 = 32 = 2^5 đúng không ạ?","Đúng hoàn toàn em! Tổng tất cả C(n,k) = 2^n. Em tính từng cái rồi cộng lại rất cẩn thận. Tiến bộ rõ rồi đó!","HS tính đúng tổng tổ hợp bước P",4,4,"P","Practice","s9x1t0w7u2v5",13,"Yếu","MSG00121"
"2026-04-04 10:30:00","HS0010","11A2","Xác suất","Học sinh trung bình hay hỏi cách làm","AI ơi bài rút bài từ bộ bài 52 lá tính thế nào ạ?","Bộ 52 lá có 4 chất mỗi chất 13 lá. Rút 2 lá: tổng cách = C(52,2)=1326. Rút 2 lá cùng chất: 4×C(13,2)=4×78=312 cách em nhé!","HS học xác suất với bộ bài bước G",4,4,"G","Guide","j0o2k1n8l3m6",7,"Trung bình","MSG00122"
"2026-04-04 11:30:00","HS0010","11A2","Xác suất","Học sinh trung bình hay hỏi cách làm","P(rút 2 lá cùng chất) = 312/1326 = 12/51 đúng không AI ơi?","Đúng rồi em! 312/1326 = 12/51 ≈ 0.235. Em rút gọn phân số đúng và chính xác rồi!","HS chốt kết quả xác suất bài bộ bài bước S",5,4,"S","Solve","j0o2k1n8l3m6",5,"Trung bình","MSG00123"
"2026-04-04 08:00:00","HS0011","11A3","Nhị thức Newton","Học sinh trung bình học đều đặn","AI ơi tổng C(n,0)-C(n,1)+C(n,2)-...+(-1)^n×C(n,n) bằng bao nhiêu ạ?","Thay x=-1 vào (1+x)^n thì (1-1)^n = 0. Vậy tổng xen kẽ dấu đó bằng 0 khi n>0 em nhé. Đây là tính chất hay của nhị thức Newton!","HS học tính chất tổng xen kẽ bước G",4,4,"G","Guide","k1p3l2o9m4n7",6,"Trung bình","MSG00124"
"2026-04-04 09:00:00","HS0011","11A3","Nhị thức Newton","Học sinh trung bình học đều đặn","C(6,0)-C(6,1)+C(6,2)-C(6,3)+C(6,4)-C(6,5)+C(6,6) = 1-6+15-20+15-6+1 = 0 đúng không ạ?","Đúng rồi em! Tổng = 0. Em kiểm tra bằng cách tính trực tiếp rất hay. Cách nhanh hơn là dùng (1-1)^6 = 0 em nhé!","HS xác nhận tính chất bằng tính trực tiếp bước P",5,4,"P","Practice","k1p3l2o9m4n7",5,"Trung bình","MSG00125"
"2026-04-04 08:15:00","HS0012","11A1","Xác suất","Học sinh trung bình chăm chỉ làm bài","AI ơi hướng dẫn em bài toán sinh nhật: xác suất 2 người trong 23 người cùng sinh nhật là bao nhiêu ạ?","Đây là bài toán nổi tiếng! P(ít nhất 2 người cùng sinh nhật) = 1 - P(tất cả khác nhau) = 1 - 365×364×...×343/365^23 ≈ 0.507. Bài này kết quả khá bất ngờ phải không em!","HS học bài toán xác suất thực tế bước G",4,5,"G","Guide","l2q4m3p0n5o8",8,"Trung bình","MSG00126"
"2026-04-04 09:15:00","HS0012","11A1","Xác suất","Học sinh trung bình chăm chỉ làm bài","Ồ xác suất hơn 50% ạ? Tức hơn phân nửa là đúng. Em thấy thú vị quá ạ AI ơi!","Đúng vậy em! Chỉ cần 23 người là khả năng có 2 người cùng sinh nhật vượt 50%. Xác suất có nhiều điều bất ngờ lắm. Em có muốn thử bài toán tương tự không?","HS phản ứng tích cực với bài thực tế bước G mở rộng",5,4,"G","Guide","l2q4m3p0n5o8",5,"Trung bình","MSG00127"
"2026-04-05 08:30:00","HS0013","11A2","Hoán vị","Học sinh trung bình cần hướng dẫn từng bước","AI ơi xếp các chữ cái TOÁN thì có bao nhiêu cách ạ?","TOÁN có 4 chữ cái khác nhau (T-O-A-N). Số cách xếp = P(4) = 4! = 24 cách. Nếu xét T và O đứng cạnh nhau thì cần dùng kỹ thuật gộp nhóm em nhé!","HS học hoán vị với từ tiếng Việt bước G",4,3,"G","Guide","m3r5n4q1o6p9",5,"Trung bình","MSG00128"
"2026-04-05 09:30:00","HS0013","11A2","Hoán vị","Học sinh trung bình cần hướng dẫn từng bước","Nếu T và O luôn đứng cạnh nhau thì gộp TO thành 1 nhóm còn 3 phần tử xếp 3!=6 cách rồi nhân 2 vì TO và OT. Ra 12 đúng không ạ?","Đúng hoàn toàn em! [TO] và A và N là 3 phần tử. P(3) = 6. Nội bộ [TO] có 2 cách. Tổng = 6×2 = 12. Em hiểu kỹ thuật gộp nhóm rồi!","HS áp dụng đúng kỹ thuật gộp nhóm bước P",5,4,"P","Practice","m3r5n4q1o6p9",6,"Trung bình","MSG00129"
"2026-04-05 08:00:00","HS0014","11A3","Nhị thức Newton","Học sinh trung bình thích ví dụ cụ thể","AI ơi tìm giá trị x để hệ số T3 và T4 trong khai triển (1+x)^n bằng nhau là bài như thế nào ạ?","T3 = C(n,2)×x^2 và T4 = C(n,3)×x^3. Để bằng nhau thì C(n,2) = C(n,3)×x. Cần biết n hoặc x cụ thể mới giải tiếp em. Bài cho thêm điều kiện gì không?","HS hỏi bài dạng phương trình nhị thức bước G",4,5,"G","Guide","n4s6o5r2p7q0",7,"Trung bình","MSG00130"
"2026-04-05 09:00:00","HS0014","11A3","Nhị thức Newton","Học sinh trung bình thích ví dụ cụ thể","Bài cho n=6 tìm x để T3=T4 thì C(6,2)=C(6,3)×x suy ra 15=20x suy ra x=3/4 đúng không ạ?","Đúng rồi em! C(6,2) = 15 và C(6,3) = 20. Giải ra x = 15/20 = 3/4. Em lập và giải phương trình chuẩn lắm!","HS giải đúng bài dạng phương trình nhị thức bước S",5,5,"S","Solve","n4s6o5r2p7q0",6,"Trung bình","MSG00131"
"2026-04-05 08:00:00","HS0015","11A1","Xác suất","Học sinh trung bình hay hỏi cặn kẽ","AI ơi tại sao P(A) + P(Ā) = 1 luôn đúng ạ?","Vì A và Ā là 2 biến cố đối nhau: A∪Ā = Ω và A∩Ā = ∅. Tổng xác suất không gian mẫu luôn = 1 nên P(A) + P(Ā) = 1. Đây là tính chất cơ bản nhất của xác suất em!","HS hỏi chứng minh tính chất biến cố đối bước G",4,3,"G","Guide","o5t7p6s3q8r1",6,"Trung bình","MSG00132"
"2026-04-05 09:15:00","HS0015","11A1","Xác suất","Học sinh trung bình hay hỏi cặn kẽ","P(Ā) = 1 - P(A) giúp tính P(ít nhất...) dễ hơn đúng không ạ? Thay vì đếm nhiều trường hợp?","Chính xác em! Khi bài có từ khóa ít nhất thì dùng P(ít nhất 1) = 1 - P(không có cái nào). Tiết kiệm rất nhiều thời gian và tránh sót trường hợp.","HS hiểu chiến lược dùng biến cố đối bước P",5,3,"P","Practice","o5t7p6s3q8r1",5,"Trung bình","MSG00133"
"2026-04-05 08:45:00","HS0016","11A2","Tổ hợp","Học sinh trung bình học theo tiến độ đề xuất","AI ơi bài toán đặt cờ: 5 cờ khác màu cắm vào 5 cọc thì bao nhiêu cách ạ?","Đây là hoán vị đơn giản P(5) = 5! = 120 cách. Mỗi cọc cắm 1 cờ và các cờ đều khác nhau nên thứ tự quan trọng em nhé!","HS học nhận dạng bài toán cờ/ghế bước G",4,3,"G","Guide","p6u8q7t4r9s2",5,"Trung bình","MSG00134"
"2026-04-05 09:45:00","HS0016","11A2","Tổ hợp","Học sinh trung bình học theo tiến độ đề xuất","Nếu cột đầu và cuối phải cắm cờ đỏ và cờ xanh thì còn 3!=6 cách cho 3 cột giữa đúng không ạ?","Đúng em! Cố định cờ đỏ ở đầu và cờ xanh ở cuối thì 3 cờ còn lại xếp tự do = 3! = 6 cách. Em phân tích đúng rồi!","HS áp dụng điều kiện ràng buộc đúng bước P",5,4,"P","Practice","p6u8q7t4r9s2",5,"Trung bình","MSG00135"
"2026-04-05 09:00:00","HS0001","11A1","Xác suất","Học sinh giỏi tự tin hay bỏ qua bước hướng dẫn","AI ơi bài toán Monty Hall em tự suy ra xác suất thắng khi đổi cửa là 2/3 đúng không?","Chuẩn xác! P(thắng khi đổi) = 2/3 còn P(thắng khi giữ) = 1/3. Đây là bài toán xác suất kinh điển và phản trực giác nhất. Em phân tích được điều đó là rất giỏi!","HS tự suy luận bài toán nổi tiếng bước S",5,2,"S","Solve","a1f3b2e9c4d7",3,"Khá/Giỏi","MSG00136"
"2026-04-05 09:30:00","HS0002","11A2","Nhị thức Newton","Học sinh giỏi hay skip bước G","Khai triển (x-2)^5 thì hệ số x^2 là C(5,3)×(-2)^3=-80 đúng không AI?","Đúng! T4 = C(5,3)×x^2×(-2)^3 = 10×x^2×(-8) = -80x^2. Hệ số là -80. Em không quên dấu âm từ (-2)^3 là rất cẩn thận!","HS xử lý đúng dấu âm trong nhị thức bước S",5,3,"S","Solve","b2g4c3f0d5e8",2,"Khá/Giỏi","MSG00137"
"2026-04-05 10:00:00","HS0003","11A1","Xác suất","Học sinh khá câu hỏi ngắn gọn tự tin","P(A∩B)=P(A)×P(B) khi độc lập. Còn P(A∩B)=P(A)×P(B|A) là công thức tổng quát đúng không AI ơi?","Đúng hoàn toàn em! Công thức tổng quát là P(A∩B) = P(A)×P(B|A). Khi A B độc lập thì P(B|A)=P(B) nên thu gọn thành P(A)×P(B). Em nắm bản chất rồi!","HS phát biểu đúng mối quan hệ hai công thức bước S",5,2,"S","Solve","c3h5d4g1e6f9",2,"Khá/Giỏi","MSG00138"
"2026-04-05 10:30:00","HS0019","11A2","Nhị thức Newton","Học sinh yếu cần nhiều hướng dẫn cơ bản","AI ơi số hạng tổng quát là gì ạ? Em chưa hiểu từ này.","Số hạng tổng quát T(k+1) = C(n,k)×a^(n-k)×b^k trong khai triển (a+b)^n. Mỗi giá trị k cho 1 số hạng. k chạy từ 0 đến n nên có n+1 số hạng tất cả.","HS yếu hỏi định nghĩa cơ bản bước G",2,5,"G","Guide","s9x1t0w7u2v5",18,"Yếu","MSG00139"
"2026-04-05 11:30:00","HS0019","11A2","Nhị thức Newton","Học sinh yếu cần nhiều hướng dẫn cơ bản","Trong (1+x)^4 thì T(3) = C(4,2)×x^2 = 6x^2 đúng không ạ? AI ơi xác nhận giúp em.","Đúng rồi em! T3 tức k=2. T3 = C(4,2)×1^2×x^2 = 6x^2. Em áp dụng công thức đúng rồi đó!","HS tự áp dụng công thức số hạng tổng quát bước P",3,5,"P","Practice","s9x1t0w7u2v5",15,"Yếu","MSG00140"
"2026-04-05 08:00:00","HS0020","11A1","Tổ hợp","Học sinh cá biệt chỉ muốn xin đáp án","AI cho em hỏi C(100,2) = mấy ạ? Tính nhanh giúp em đi.","C(100,2) = 100×99/2 = 4950 em nhé. Lần sau em thử tự tính theo công thức C(n,2)=n(n-1)/2 cho nhớ nhé!","HS xin đáp án bài tính nhanh bước S",2,2,"S","Solve","t0y2u1x8v3w6",1,"Cá biệt","MSG00141"
"2026-04-05 09:00:00","HS0020","11A1","Xác suất","Học sinh cá biệt hay hỏi ngoài lề","AI ơi học xác suất thì sau này làm nghề gì ạ? Em đang phân vân hướng nghiệp.","Xác suất thống kê rất hữu ích trong nhiều nghề: khoa học dữ liệu tài chính bảo hiểm nghiên cứu khoa học và cả AI nữa em! Nhưng giờ em ôn bài trước nhé để thi tốt đã!","HS hỏi ngoài lề hướng nghiệp",1,1,"G","Off-topic","t0y2u1x8v3w6",1,"Cá biệt","MSG00142"
"2026-04-05 10:00:00","HS0020","11A1","Hoán vị","Học sinh cá biệt chỉ muốn xin đáp án","Thôi AI tính giúp em 8!/5! = mấy đi ạ. Nhanh thôi.","8!/5! = 8×7×6 = 336 em nhé. Mẹo tính nhanh: bỏ phần giống nhau chỉ tính từ 8 xuống đến 6 thôi!","HS xin tính hộ không tự làm bước S",2,2,"S","Solve","t0y2u1x8v3w6",1,"Cá biệt","MSG00143"
"2026-04-05 10:30:00","HS0010","11A2","Hoán vị","Học sinh trung bình hay hỏi cách làm","AI ơi bài xếp hàng: 4 nam 3 nữ xếp thành 1 hàng sao cho nam nữ xen kẽ thì bao nhiêu cách ạ?","Muốn xen kẽ thì phải có cấu trúc N-M-N-M-N-M-N (7 người). Có 4! cách xếp nam và 3! cách xếp nữ vào vị trí đã định. Tổng = 4!×3! = 24×6 = 144 cách.","HS học bài toán xếp hàng xen kẽ bước G",4,4,"G","Guide","j0o2k1n8l3m6",8,"Trung bình","MSG00144"
"2026-04-05 11:30:00","HS0010","11A2","Hoán vị","Học sinh trung bình hay hỏi cách làm","Ồ 144 cách ạ. Còn nếu tất cả nữ đứng cạnh nhau thì 5!×3!=720 đúng không AI ơi?","Đúng em! Gộp 3 nữ thành 1 nhóm còn 5 phần tử. P(5)=120 cách xếp và 3!=6 cách xếp nội bộ nữ. Tổng = 120×6 = 720. Em tính đúng rồi!","HS áp dụng kỹ thuật gộp nhóm bước S",5,4,"S","Solve","j0o2k1n8l3m6",6,"Trung bình","MSG00145"
"2026-04-05 08:30:00","HS0015","11A1","Chỉnh hợp","Học sinh trung bình hay hỏi cặn kẽ","AI ơi bài toán mã bưu điện: tạo mã 5 chữ số từ {0..9} không lặp thì A(10,5) đúng không ạ?","Đúng em! A(10,5) = 10×9×8×7×6 = 30240. Không lặp và thứ tự quan trọng nên dùng chỉnh hợp. Nhưng nếu chữ số đầu tiên là 0 có được không thì cần xét thêm điều kiện em nhé!","HS học bài toán chỉnh hợp thực tế bước G",4,4,"G","Guide","o5t7p6s3q8r1",7,"Trung bình","MSG00146"
"2026-04-05 09:30:00","HS0015","11A1","Chỉnh hợp","Học sinh trung bình hay hỏi cặn kẽ","Nếu mã không bắt đầu bằng 0 thì chữ số đầu có 9 lựa chọn rồi 4 chữ số sau A(9,4)=3024 tổng 9×3024=27216 đúng không ạ?","Đúng rồi em! Chữ số đầu: 9 cách (1-9). 4 vị trí còn lại chọn từ 9 chữ số còn lại: A(9,4) = 3024. Tổng = 9×3024 = 27216. Em xử lý điều kiện ràng buộc rất tốt!","HS giải đúng bài có điều kiện bước S",5,4,"S","Solve","o5t7p6s3q8r1",6,"Trung bình","MSG00147"
"2026-04-05 10:00:00","HS0016","11A2","Xác suất","Học sinh trung bình học theo tiến độ đề xuất","AI ơi bài này em tự giải: hộp có 4 đỏ 6 xanh rút 3 bi P(ít nhất 1 đỏ) = ? ạ","Dùng biến cố đối: P(ít nhất 1 đỏ) = 1 - P(không có đỏ nào) = 1 - C(6,3)/C(10,3) = 1 - 20/120 = 1 - 1/6 = 5/6. Em thử tự tính C(6,3) và C(10,3) xem ra không nhé!","HS tiếp cận bài tự giải bước P",4,4,"P","Practice","p6u8q7t4r9s2",6,"Trung bình","MSG00148"
"2026-04-05 11:00:00","HS0016","11A2","Xác suất","Học sinh trung bình học theo tiến độ đề xuất","C(6,3)=20 C(10,3)=120 nên P = 1-20/120 = 5/6 đúng không AI ơi? Em tự làm ra rồi ạ!","Chính xác 100% em! P(ít nhất 1 đỏ) = 5/6. Em tự giải hoàn chỉnh bài toán rồi đó. Cứ tiếp tục tự tin như vậy nhé!","HS tự giải đúng bài toán bước S tự chủ",5,4,"S","Solve","p6u8q7t4r9s2",4,"Trung bình","MSG00149"
"2026-04-05 11:30:00","HS0003","11A1","Xác suất","Học sinh khá câu hỏi ngắn gọn tự tin","Kỳ vọng E(X) của số chấm khi tung xúc xắc cân đối là 3.5 đúng không AI?","Đúng em! E(X) = (1+2+3+4+5+6)/6 = 21/6 = 3.5. Đây là kiến thức lớp 12 nhưng em nắm được là rất tốt. Ở lớp 11 tập trung xác suất cổ điển trước nhé!","HS hỏi vượt chương trình và chốt đúng bước S",5,2,"S","Solve","c3h5d4g1e6f9",2,"Khá/Giỏi","MSG00150"