Group,Student_ID,Level,QID,Dialogue
GPS,S_01,Giỏi,1,"[Thầy] Gọi là học sinh lớp 12 có học lực Giỏi, Em hãy thử giải bài toán này xem sao nhé? Gieo một đồng tiền cân đối và đồng chất bốn lần. Xác suất để cả bốn lần xuất hiện mặt sấp là?

[Em] Dạ thưa thầy, mình nghĩ số phần tử của không gian mẫu sẽ là \(2^4 = 16\) ạ, vì mỗi lần gieo có 2 kết quả (đối với đồng tiền) và gieo bốn lần.

[Thầy] Rất tốt! Em đã hiểu rõ về không gian mẫu. Bây giờ, hãy xác định số phần tử của biến cố 'Cả bốn lần xuất hiện mặt sấp' nhé.

[Em] Dạ thưa thầy, nếu cả bốn lần đều là mặt sấp thì chỉ có 1 cách duy nhất để xảy ra, đúng không ạ?

[Thầy] Đúng rồi! Vậy xác suất cần tìm sẽ như thế nào?

[Em] Dạ, xác suất sẽ là số phần tử của biến cố chia cho số phần tử của không gian mẫu, nên sẽ là \( \frac{1}{16} \) ạ.

[Thầy] Rất tốt! Em đã giải quyết bài toán một cách chính xác. Đúng vậy, xác suất để cả bốn lần xuất hiện mặt sấp là \( \frac{1}{16} \).

[Em] Dạ cảm ơn thầy!

[Thầy] Không sao cả, Em tự tin và giải quyết bài toán nhanh chóng thật đấy! Mình có thể tổng kết lại như sau: Gọi  là biến cố ""Cả bốn lần gieo xuất hiện mặt sấp"", vậy xác suất cần tìm .

[Em] Dạ thưa thầy, mình đã hiểu rõ quy trình GPS rồi ạ. Cảm ơn thầy đã hướng dẫn!"
Non-GPS,S_01,Giỏi,1,"Thầy Giáo: Em ạ, chúng ta hãy làm bài toán này nhé!

Em: Dạ thưa thầy, em xin được lắng nghe cách giải của thầy.

Thầy Giáo: Tốt lắm! Bài toán là gieo một đồng tiền cân đối và đồng chất bốn lần. Em hãy tính xác suất để cả bốn lần xuất hiện mặt sấp?

Em: Thưa thầy, số phần tử của không gian mẫu là 2^4 = 16 đúng không?

Thầy Giáo: Đúng rồi! Tiếp theo, biến cố ""Cả bốn lần gieo xuất hiện mặt sấp"" chỉ có một cách xảy ra duy nhất đó là SSSS.

Em: Thưa thầy, vậy xác suất cần tìm là 1/16 phải không?

Thầy Giáo: Chính xác. Vậy đáp án của chúng ta là C: 1/16 nhé!"
GPS,S_30,Yếu,1,"Thầy: Chào em! Hôm nay thầy sẽ giúp em làm bài toán này về xác suất nhé. Bài toán yêu cầu chúng ta tìm xác suất để cả bốn lần gieo xuất hiện mặt sấp, đúng không?

Em: Dạ thưa thầy, em chưa hiểu rõ lắm ạ.

Thầy: Không sao cả! Em hãy nghĩ xem khi gieo một đồng tiền một lần, có bao nhiêu kết quả có thể xảy ra? 

Em: Dạ... chỉ có hai mặt là sấp và ngửa thôi ạ.

Thầy: Đúng rồi! Vậy nếu gieo 4 lần thì tổng số kết quả trong không gian mẫu sẽ là bao nhiêu?

Em: Em chưa biết tính toán rồi ạ. Có phải nhân 2 với 4 không?

Thầy: Không hẳn vậy. Hãy suy nghĩ kĩ xem mỗi lần đều có 2 khả năng, nên ta cần nhân hai khả năng ấy lại với nhau nhiều lần.

Em: À... em hiểu rồi ạ. Mỗi lần có 2 kết quả nên 2 nhân 4 là 8 ạ?

Thầy: Không phải đâu em! Khi gieo N lần thì không gian mẫu sẽ có 2^N phần tử. Vậy 4 lần sẽ có bao nhiêu kết quả?

Em: À... em hiểu rồi ạ, 2 nhân 4 bằng 16 ạ.

Thầy: Đúng rồi! Vậy tổng số phần tử trong không gian mẫu là 16. Bây giờ em hãy tính xem khi nào cả 4 lần đều xuất hiện mặt sấp nhé.

Em: Dạ thưa thầy, mỗi lần có 1 kết quả là sấp, nên 4 lần sẽ là 1 nhân 1, tức là 1 cách ạ?

Thầy: Rất tốt! Em đã tính được biến cố 'Cả bốn lần gieo xuất hiện mặt sấp' đúng rồi. Vậy xác suất cần tìm là?

Em: Dạ thưa thầy, xác suất ấy sẽ là số phần tử của biến cố chia cho tổng số phần tử trong không gian mẫu nên là 1 chia 16 ạ.

Thầy: Đúng rồi! Vậy em hãy viết lại đáp án chính xác nhé.

Em: Dạ thưa thầy, câu trả lời đúng là C - 1/16 ạ. 

Thầy: Rất tốt! Em đã làm rất tốt bài toán này. Có thắc mắc gì nữa không?

Em: Không có thắc mắc gì thêm anymore, thank you teacher!"
Non-GPS,S_30,Yếu,1,"Thầy Giáo: Em ơi, hôm nay thầy sẽ dạy em cách tính xác suất nhé.

Học Sinh: Được ạ thầy! Xin thầy hướng dẫn bài toán này:

Gieo một đồng tiền cân đối và đồng chất bốn lần. Xác suất để cả bốn lần xuất hiện mặt sấp là?

Thầy Giáo: Đúng rồi, em đã biết đề bài. Để giải bài toán này, chúng ta cần làm rõ các bước nhé.

Học Sinh: Xin thầy chỉ dẫn.

Thầy Giáo: Đầu tiên, em hãy tìm số phần tử của không gian mẫu. Khi gieo đồng tiền một lần, có 2 kết quả: sấp hoặc ngửa. Gieo bốn lần, tổng số kết quả có thể xảy ra là \(2 \times 2 \times 2 \times 2 = 16\).

Em đã tính được không gian mẫu chưa?

Học Sinh: Đúng rồi, thầy! Có 16 kết quả.

Thầy Giáo: Rất tốt! Giờ em hãy xác định biến cố A là “Cả bốn lần xuất hiện mặt sấp”. Biến cố này chỉ xảy ra khi nào?

Học Sinh: Chỉ có một cách để cả bốn lần đều mặt sấp, đó là (sấp, sấp, sấp, sấp).

Thầy Giáo: Đúng rồi! Vậy số kết quả thuận lợi cho biến cố A là 1. Xác suất cần tìm là:

\[ P(A) = \frac{1}{16} \]

Đáp án của em đúng không?

Học Sinh: Đúng rồi thầy ạ, C chính xác là \(\frac{1}{16}\).

Thầy Giáo: Rất tốt! Em đã nắm được cách giải quyết bài toán xác suất này."
GPS,S_01,Giỏi,2,"Thầy: [G] Chào em! Bài toán này yêu cầu tìm xác suất để ít nhất một lần xuất hiện mặt sáu chấm khi gieo hai con súc sắc, đúng không?

Em: Dạ thưa thầy, đúng như vậy ạ.

Thầy: [P] Em hãy liệt kê xem có bao nhiêu kết quả trong không gian mẫu khi gieo hai con súc sắc nhé. Có bao nhiêu phần tử trong không gian mẫu này?

Em: Dạ thưa thầy, mỗi lần gieo súc sắc có 6 mặt nên tổng số kết quả là 6 x 6 = 36 ạ.

Thầy: [S] Rất tốt! Bây giờ em hãy tính số phần tử của biến cố ""Không xuất hiện mặt sáu chấm nào"" nhé. Có bao nhiêu cách để không có mặt sáu xuất hiện trong hai lần gieo?

Em: Dạ thưa thầy, mỗi lần gieo súc sắc từ 1 đến 5 có 5 cách, nên tổng cộng là 5 x 5 = 25 cách ạ.

Thầy: [P] Em đã làm rất tốt! Bây giờ em hãy tính xác suất biến cố ""Không xuất hiện mặt sáu chấm nào"" nhé. 

Em: Dạ thưa thầy, xác suất đó sẽ là 25/36 ạ?

Thầy: [S] Đúng rồi! Vậy xác suất ít nhất một lần xuất hiện mặt sáu chấm là 1 - 25/36 = 11/36. Em đã làm rất tốt!

Em: Dạ, em hiểu bài rồi ạ.

Thầy: [G] Rất tốt! Em hãy nhớ rằng khi giải bài toán xác suất, chúng ta thường sử dụng phương pháp tìm xác suất biến cố đối để làm đơn giản hơn. Em có thể áp dụng cách này vào các bài tập tương tự không?

Em: Dạ thưa thầy, em sẽ thử áp dụng và sẽ báo cho thầy biết nếu còn băn khoăn ạ.

Thầy: [S] Đúng rồi! Em hãy chăm chỉ và tự tin nhé. Nếu cần hỗ trợ thêm, em cứ hỏi."
Non-GPS,S_01,Giỏi,2,"Thầy giáo: Em ạ, chúng ta làm bài toán này nhé.

Học sinh: đựơc thưa thầy, em xin nghe thầy giải thích.

Thầy giáo: Biết bao nhiêu về việc gieo xúc sắc rồi nhỉ? Khi gieo một lần, có bao nhiêu kết quả có thể xảy ra?

Học sinh: Em biết 6 kết quả có thể xảy ra thưa thầy.

Thầy giáo: Đúng rồi. Giờ ta gieo hai lần, vậy số phần tử của không gian mẫu là bao nhiêu?

Học sinh: Là 36 thưa thầy.

Thầy giáo: Rất tốt! Bây giờ chúng ta nghĩ về biến cố A là ""Ít nhất một lần xuất hiện mặt sáu chấm"". Để tính xác suất này, ta sẽ sử dụng cách tính thông qua biến cố đối nhé. 

Thầy giáo: Em thử tính xem biến cố đối của A là gì?

Học sinh: Biến cố đối của A là không có mặt sáu chấm xuất hiện cả hai lần đúng không thưa thầy?

Thầy giáo: Đúng rồi, em rất thông minh! Vậy số phần tử của biến cố này là bao nhiêu?

Học sinh: Có 36 - 25 = 11 trường hợp thưa thầy.

Thầy giáo: Rất tốt! Vậy xác suất A là gì nhỉ?

Học sinh: Xác suất A là 11/36 thưa thầy.

Thầy giáo: Đúng rồi, em đã làm rất tốt. Xác suất cần tìm là 1 - 25/36 = 11/36.

Học sinh: Em hiểu rõ rùi thưa thầy!"
GPS,S_30,Yếu,2,"Thầy: Chào em! Bài toán này yêu cầu tìm xác suất để ít nhất một lần xuất hiện mặt sáu chấm khi gieo một con súc sắc hai lần. Em thử nghĩ xem có bao nhiêu kết quả trong không gian mẫu nhé?
Em: Thưa thầy, mỗi lần gieo súc sắc có 6 mặt nên tổng số kết quả là 6x6=36 ạ.
Thầy: Đúng rồi! Bây giờ em hãy tính xem biến cố ""Không xuất hiện mặt sáu chấm nào"" bao gồm bao nhiêu kết quả? Em suy nghĩ một chút nhé!
Em: Thưa thầy, mỗi lần gieo không ra mặt sáu có 5 cách nên tổng cộng là 5x5=25 cách ạ.
Thầy: Rất tốt! Vậy em thử tính xem xác suất để ""Không xuất hiện mặt sáu chấm nào"" bằng bao nhiêu đi?
Em: Thưa thầy, số phần tử của biến cố này là 25 nên xác suất là 25/36 ạ.
Thầy: Đúng rồi, nhưng nhớ rằng xác suất cần tìm là xác suất ""Ít nhất một lần xuất hiện mặt sáu chấm"". Vậy em suy nghĩ xem ta làm thế nào để tính được?
Em: Thưa thầy, nếu không xuất hiện mặt sáu có 25 cách thì ít nhất một lần xuất hiện mặt sáu sẽ là tổng số kết quả trừ đi số kết quả không ra mặt sáu đúng không?
Thầy: Đúng rồi! Vậy xác suất cần tìm là bao nhiêu?
Em: Thưa thầy, số phần tử của biến cố cần tìm là 36-25=11 nên xác suất là 11/36 ạ.
Thầy: Rất tốt! Vậy em đã hiểu bài rồi đó. Xác suất để ít nhất một lần xuất hiện mặt sáu chấm khi gieo một con súc sắc hai lần là 11/36 ạ.

Em: Dạ, thầy ạ.

Thầy: Rất vui vì em đã hiểu. Khi giải bài toán xác suất, chúng ta thường chia làm ba bước như sau:

1. Xác định không gian mẫu.
2. Tính số phần tử biến cố đối (ít nhất một lần không xảy ra).
3. Từ đó tính xác suất cần tìm.

Em hãy lưu ý những bước này nhé!"
Non-GPS,S_30,Yếu,2,"Thầy giáo: Em ạ, chúng ta cùng làm bài toán này nhé.

Học sinh: Dạ thưa thầy, đề bài là gieo một con súc sắc hai lần và xác suất để ít nhất một lần xuất hiện mặt sáu chấm?

Thầy giáo: Đúng rồi. Đầu tiên, em hãy xác định không gian mẫu của bài toán này nhé.

Học sinh: Không gian mẫu sẽ có 6 x 6 = 36 phần tử vì mỗi lần gieo có 6 kết quả, gieo hai lần nên là 36.

Thầy giáo: Rất hay. Tiếp theo, em hãy xác định số phần tử của biến cố đối \( \bar{A} \) là ""không xuất hiện mặt sáu chấm cả hai lần"".

Học sinh: Nếu không có mặt sáu chấm, mỗi lần gieo sẽ có 5 kết quả nên tổng cộng sẽ là 5 x 5 = 25 phần tử.

Thầy giáo: Đúng rồi. Vậy số phần tử của biến cố \( A \) (ít nhất một lần xuất hiện mặt sáu chấm) sẽ là bao nhiêu?

Học sinh: Là 36 - 25 = 11, đúng không thầy?

Thầy giáo: Đúng đó! Số phần tử của \( A \) là 11. Vậy xác suất cần tìm là:

\[ P(A) = \frac{11}{36} \]

Đáp án B chính xác."
GPS,S_01,Giỏi,3,"Thầy: Chào em! Bài toán này yêu cầu tính xác suất để tổng hai mặt xúc xắc bằng 8 sau khi gieo một con xúc xắc cân đối đồng chất 2 lần. Em thử nghĩ xem, không gian mẫu có bao nhiêu kết quả?

Em: Dạ thưa thầy, mỗi lần gieo xúc xắc có 6 kết quả nên tổng số kết quả của không gian mẫu là 6x6=36 ạ.

Thầy: Rất tốt! Bây giờ em hãy liệt kê các kết quả thuận lợi để tổng hai mặt bằng 8 nhé. Em thử viết ra xem.

Em: Dạ, em nghĩ là (2;6), (3;5), (4;4), (5;3), (6;2) ạ.

Thầy: Đúng rồi! Vậy số phần tử của biến cố A (tổng hai mặt bằng 8) là bao nhiêu?

Em: Dạ, em đếm được có 5 kết quả thuận lợi ạ.

Thầy: Rất tốt! Vậy xác suất để tổng hai mặt bằng 8 là gì nhé? Em tính thử xem.

Em: Dạ, xác suất là số phần tử của biến cố A chia cho số phần tử của không gian mẫu. Vậy ta có 5/36 ạ.

Thầy: Đúng rồi! Vậy em đã hiểu bài rồi đó. Cảm ơn em đã giải thích lại cho thầy nghe nhé!

Em: Dạ, cảm ơn thầy đã hướng dẫn em! Em sẽ cố gắng tiếp tục học tập tốt hơn nữa ạ."
Non-GPS,S_01,Giỏi,3,"Thầy Giáo:
Chào em, chúng ta cùng giải bài toán này nhé.

Bài toán yêu cầu tính xác suất để tổng hai mặt xúc xắc bằng 8 khi gieo 2 lần. Đầu tiên, chúng ta phân tích không gian mẫu:

Khi gieo xúc xắc 1 lần, có 6 kết quả: 1, 2, 3, 4, 5, 6.

Gieo 2 lần, tổng số kết quả trong không gian mẫu là \(6 \times 6 = 36\).

Thầy Giáo:
Em hãy liệt kê các trường hợp để tổng hai mặt bằng 8.
Học Sinh: 
Thưa thầy, em thấy có các trường hợp như sau: (2;6), (3;5), (4;4), (5;3), (6;2). Có đúng không thưa thầy?
Thầy Giáo:
Đúng rồi, em đã liệt kê được 5 trường hợp thuận lợi. Vậy xác suất là bao nhiêu nhỉ?"
GPS,S_30,Yếu,3,"Thầy: Chào em! Bài toán này yêu cầu tính xác suất một biến cố cụ thể khi gieo xúc xắc, đúng không? Em thử nghĩ xem không gian mẫu có bao nhiêu kết quả khi gieo 2 lần nhé?

Em: Dạ thưa thầy, mỗi lần gieo xúc xắc có 6 mặt nên tổng số kết quả là 6 x 6 = 36 ạ.

Thầy: Rất tốt! Bây giờ em hãy liệt kê các cặp số chấm khi gieo 2 lần và tổng của chúng bằng 8. Em thử làm đầu tiên nhé.

Em: Dạ, em nghĩ có như sau: (2;6), (3;5), (4;4), (5;3), (6;2) ạ. Có đúng không thầy?

Thầy: Đúng rồi! Em đã liệt kê đủ các cặp số chấm sao cho tổng bằng 8. Vậy số kết quả thuận lợi của biến cố là bao nhiêu?

Em: Dạ, có 5 cách ạ.

Thầy: Rất tốt! Bây giờ em hãy tính xác suất xuất hiện 2 lần gieo xúc xắc mà tổng chấm bằng 8 nhé.

Em: Dạ thưa thầy, xác suất sẽ là số kết quả thuận lợi chia cho không gian mẫu. Vậy là 5/36 ạ?

Thầy: Đúng rồi! Em đã làm rất tốt. Vậy ta có thể viết lại lời giải như sau:

""Khi gieo 2 lần xúc xắc, biến cố 'tổng hai mặt bằng 8' gồm các kết quả (2;6), (3;5), (4;4), (5;3), (6;2). Tổng số phần tử của không gian mẫu là 6x6=36. Số kết quả thuận lợi là 5, nên xác suất biến cố này là 5/36.""

Em: Dạ thưa thầy, em đã hiểu rồi ạ. Cảm ơn thầy nhiều!

Thầy: Rất vui khi thấy em chủ động và nắm bắt được bài toán. Tiếp tục cố gắng nhé!"
Non-GPS,S_30,Yếu,3,"Thầy giáo: Em ơi, hôm nay thầy sẽ giải bài toán về xác suất cho em nhé.

Học sinh: Được=\""%{thầy}%, thầy giải bài này giúp em với ạ.

Thầy giáo:oky, bài toán này nói gì nhỉ? Chúng ta gieo một con xúc xắc cân đối đồng chất hai lần. Em hãy tính xác suất để biến cố có tổng hai mặt bằng 8 nhé.

Học sinh:Em chưa hiểu rõ, thầy giải giúp em với ạ.

Thầy giáo:Okay, chúng ta cùng làm. Đầu tiên, không gian mẫu khi gieo một con xúc xắc là {1;2;3;4;5;6}. Khi gieo hai lần, không gian mẫu sẽ có \(6 \times 6 = 36\) kết quả.

Em hãy viết lại tất cả các cặp số chấm khi gieo hai lần và tổng bằng 8 nhé.

Học sinh: Em nghĩ là (2;6), (3;5), (4;4), (5;3), (6;2).

Thầy giáo: Rất tốt! Vậy em có bao nhiêu kết quả thuận lợi rồi?

Học sinh: Có 5 kết quả thuận lợi.

Thầy giáo: Đúng rồi. Xác suất của biến cố này sẽ là số phần tử thuận lợi chia cho tổng số phần tử không gian mẫu, tức là \( \frac{5}{36} \).

Vậy đáp án là \(\boxed{\frac{5}{36}}\)."
GPS,S_01,Giỏi,4,"Thầy: Chào em! Bài toán này yêu cầu tính xác suất để tích hai lần số chấm khi gieo xúc xắc là một số chẵn. Em thử suy nghĩ về không gian mẫu trước nhé.
Em: Dạ thưa thầy, mỗi lần gieo xúc xắc có 6 mặt nên tổng số kết quả trong không gian mẫu là 6 x 6 = 36 ạ.
Thầy: Rất tốt! Bây giờ em hãy phân tích từng trường hợp để tìm ra số kết quả thuận lợi cho biến cố nhé. Em thử liệt kê các trường hợp khi tích hai lần số chấm là một số chẵn?
Em: Dạ thưa thầy, em nghĩ có 2 trường hợp:
- Trường hợp thứ nhất: Gieo lần đầu số chấm xuất hiện là số lẻ (1, 3, 5) và gieo lần hai số chấm xuất hiện là số chẵn (2, 4, 6).
- Trường hợp thứ hai: Gieo lần một số chấm xuất hiện là số chẵn (2, 4, 6) và gieo lần hai cũng là số chẵn.
Thầy: Đúng rồi! Em đã phân tích rất cẩn thận. Vậy em hãy tính tổng số cách gieo xúc xắc cho mỗi trường hợp nhé?
Em: Dạ thưa thầy, Trường hợp thứ nhất có 3 cách gieo lần một và 3 cách gieo lần hai nên tổng cộng là 3 x 3 = 9 cách.
Trường hợp thứ hai cũng có 3 cách gieo lần một và 3 cách gieo lần hai nên tổng cộng là 3 x 3 = 9 cách.
Thầy: Rất tốt! Vậy tổng số cách thuận lợi cho biến cố là bao nhiêu?
Em: Dạ thưa thầy, tổng số cách thuận lợi là 9 + 9 = 18 cách ạ.
Thầy: Đúng rồi! Vậy xác suất cần tìm là như thế nào?
Em: Dạ thưa thầy, xác suất cần tìm là 18/36 = 1/2 ạ.
Thầy: Rất tốt! Em đã giải bài toán rất chính xác. Em đã hiểu rõ cách suy nghĩ và tính toán rồi đó!

Em: Dạ thưa thầy, em cảm ơn thầy đã chỉ dẫn. Em sẽ cố gắng nắm vững phương pháp này để giải các bài toán tương tự trong tương lai.
Thầy: Rất tốt! Nếu có thêm câu hỏi hay gặp khó khăn, đừng ngần ngại liên hệ với thầy nhé. Chúc em học tập tốt!"
Non-GPS,S_01,Giỏi,4,"Thầy Giáo: Em ơi, chúng ta cùng làm bài toán này nhé. Bài toán yêu cầu tính xác suất để tích hai lần số chấm khi gieo xúc xắc là một số chẵn. Em có hiểu đề bài không?

Học Sinh: Có ạ, thưa thầy.

Thầy Giáo: Tốt lắm! Để giải quyết bài toán này, chúng ta bắt đầu với không gian mẫu nhé. Khi gieo xúc xắc hai lần, mỗi lần có 6 kết quả có thể xảy ra (1, 2, 3, 4, 5, 6). Vậy tổng số phần tử của không gian mẫu là bao nhiêu?

Học Sinh: Là 6 x 6 = 36 ạ.

Thầy Giáo: Đúng rồi! Tiếp theo, chúng ta xác định biến cố cần tìm. Biến cố này yêu cầu tích hai lần số chấm phải là một số chẵn. Em có thể liệt kê các trường hợp xảy ra không?

Học Sinh: Có ạ. Nếu lần thứ nhất xuất hiện số lẻ (1, 3, 5), thì lần thứ hai phải xuất hiện số chẵn (2, 4, 6). Còn nếu lần thứ nhất xuất hiện số chẵn (2, 4, 6), thì cả hai lần có thể xuất hiện số chẵn hoặc số lẻ.

Thầy Giáo: Rất tốt! Em đã nắm được các trường hợp xảy ra. Giờ em hãy tính số phần tử thuận lợi cho biến cố nhé.

Học Sinh: Có 3 trường hợp từ lần thứ nhất là số lẻ (1, 3, 5) và 3 trường hợp từ lần thứ hai là số chẵn (2, 4, 6). Vậy có 9 cách từ trường hợp này. Còn trường hợp còn lại nếu cả hai lần xuất hiện số chẵn thì có 3 x 3 = 9 cách.

Thầy Giáo: Đúng rồi! Vậy tổng số phần tử thuận lợi cho biến cố là bao nhiêu?

Học Sinh: Là 9 + 9 = 18 ạ.

Thầy Giáo: Rất tốt, em đã làm đúng. Xác suất cần tìm là số phần tử thuận lợi chia cho số phần tử của không gian mẫu:

\[ P = \frac{18}{36} = \frac{1}{2} \]

Đáp án chính xác là C ạ.

Học Sinh: Em hiểu rồi, cảm ơn thầy!

Thầy Giáo: Không có gì, em. Hạnh phúc khi được giúp đỡ!"
GPS,S_30,Yếu,4,"Thầy: Chào em! Bài toán này yêu cầu tìm xác suất để tích của hai lần gieo xúc xắc là một số chẵn, đúng không? Em thử nghĩ xem có bao nhiêu kết quả trong không gian mẫu trước tiên nhé.
Em: Dạ thưa thầy, mỗi lần gieo xúc xắc có 6 mặt nên tổng số kết quả là 36 ạ. Nhưng em không biết làm tiếp từ đây ạ.
Thầy: Rất tốt! Em đã tính được số phần tử của không gian mẫu. Bây giờ chúng ta cần xác định các kết quả thuận lợi cho biến cố. Em thử liệt kê xem trong 36 kết quả có bao nhiêu tích là chẵn nhé?
Em: Dạ thưa thầy, em nghĩ nếu lần đầu là 1, 3 hoặc 5 thì dù lần sau là số nào cũng sẽ không thành chẵn. Nếu lần đầu là 2, 4 hay 6, thì lần hai có thể là các số 1, 2, 3, 4, 5 để tích chẵn.
Thầy: Đúng rồi! Em đã bắt đầu phân tích rồi. Bây giờ em thử tính xem từ đây có bao nhiêu cách gieo sao cho tích chẵn nhé?
Em: Dạ thưa thầy, nếu lần đầu là 2, 4 hay 6 (3 cách) và lần hai là 1, 2, 3, 4, 5 (5 cách), vậy sẽ có 3x5=15 cách gieo cho biến cố này phải không?
Thầy: Rất tốt! Em đã tính được số kết quả thuận lợi. Bây giờ em hãy tính xác suất bằng cách chia số phần tử của biến cố thuận lợi cho tổng số phần tử của không gian mẫu nhé.
Em: Dạ thưa thầy, xác suất cần tìm sẽ là 15/36 phải không?
Thầy: Đúng rồi! Vậy ta có thể rút gọn phân số này thành dạng tối giản là 5/12. Vậy em đã hiểu bài rồi đó!
Em: Dạ thưa thầy, em cảm thấy dễ hơn nhiều so với trước đây. Em sẽ cố gắng làm tốt hơn nữa.
Thầy: Rất vui khi nghe em nói vậy! Hãy luyện tập thêm, chắc chắn em sẽ tiến bộ nhanh chóng.祝你学习愉快！"
Non-GPS,S_30,Yếu,4,"Thầy Giáo: Em ơi, bài toán này yêu cầu chúng ta tính xác suất để tích hai lần số chấm khi gieo xúc xắc là một số chẵn đúng không?

Học Sinh: Vâng thưa thầy, em hiểu như vậy.

Thầy Giáo: Rất tốt! Đầu tiên, thầy sẽ giải thích cách tính xác suất. Không gian mẫu của bài toán này gồm bao nhiêu phần tử? 

Học Sinh: Thưa thầy, khi gieo xúc xắc 2 lần, có 36 kết quả có thể xảy ra.

Thầy Giáo: Đúng rồi! Vậy tổng số kết quả là 36. Tiếp theo, chúng ta xét các trường hợp để tích hai lần số chấm là một số chẵn:

1) Gieo lần thứ nhất, xuất hiện số lẻ (1, 3, 5) và gieo lần thứ hai, xuất hiện số chẵn (2, 4, 6).
2) Gieo lần thứ nhất, xuất hiện số chẵn (2, 4, 6) và gieo lần thứ hai, xuất hiện số chẵn (2, 4, 6).

Học Sinh: Thưa thầy, em đã hiểu. Số kết quả thuận lợi là 18.

Thầy Giáo: Rất tốt! Vậy xác suất cần tìm là bao nhiêu?

Học Sinh: Xác suất là 18/36 = 1/2.

Thầy Giáo: Đúng rồi! Vì vậy đáp án đúng là C. Thầy tin em đã hiểu bài toán này rồi nhé!

Học Sinh: Vâng thưa thầy, em đã nắm rõ cách giải quyết bài toán này."
GPS,S_01,Giỏi,5,"Thầy: Chào em! Bài toán này yêu cầu tìm xác suất để số chấm xuất hiện trên ba con súc sắc như nhau, em thử nghĩ xem không gian mẫu của bài toán này có bao nhiêu phần tử?
Em: Dạ thưa thầy, mỗi lần gieo một con súc sắc có 6 kết quả nên với 3 con súc sắc sẽ là 6x6x6 = 216 phần tử trong không gian mẫu ạ.
Thầy: Rất tốt! Vậy em thử liệt kê xem số chấm xuất hiện như nhau trên ba con súc sắc bao gồm những trường hợp nào?
Em: Dạ, ta có (1;1;1), (2;2;2), (3;3;3), (4;4;4), (5;5;5) và (6;6;6). Có 6 cách như vậy ạ.
Thầy: Đúng rồi! Vậy em hãy tính xác suất cho biến cố A ""Số chấm xuất hiện trên ba con súc sắc như nhau"" nhé.
Em: Dạ, ta có số trường hợp thuận lợi là 6 và tổng số trường hợp trong không gian mẫu là 216 nên xác suất P(A) sẽ là 6/216 = 1/36 ạ.
Thầy: Rất tốt! Vậy đáp án của em là gì?
Em: Dạ, đáp án của em là C ạ."
Non-GPS,S_01,Giỏi,5,"Thầy: Em ơi, bài toán này có gì khó khăn không?

Em: Thưa thầy, em chưa hiểu rõ cách tính xác suất trong trường hợp này.

Thầy: Được rồi, chúng ta cùng giải bài toán này nhé. Bài toán là gieo ba con súc sắc và tìm xác suất để số chấm xuất hiện trên ba con súc sắc như nhau.

Thầy: Đầu tiên, em biết không gian mẫu khi gieo ba con súc sắc có bao nhiêu phần tử không?

Em: Thưa thầy, mỗi con súc sắc từ 1 đến 6 nên tổng cộng là \(6^3 = 216\) phần tử.

Thầy: Đúng rồi. Tiếp theo, em hãy đếm xem có bao nhiêu trường hợp thuận lợi cho biến cố “số chấm xuất hiện trên ba con súc sắc như nhau”?

Em: Thưa thầy, chỉ có 6 trường hợp đó là (1;1;1), (2;2;2), (3;3;3), (4;4;4), (5;5;5) và (6;6;6).

Thầy: Đúng rồi. Vậy xác suất cần tính là bao nhiêu?

Em: Thưa thầy, xác suất = số trường hợp thuận lợi / số phần tử của không gian mẫu = 6/216 = 1/36.

Thầy: Rất tốt! Đáp án đúng là C (tức là 1/36).

Em: Xin cảm ơn thầy đã giảng bài cho em!

Thầy: Không sao cả, em cố gắng nhé. Nếu còn khó khăn gì, em cứ hỏi thầy."
GPS,S_30,Yếu,5,"Thầy: Chào em!今日天气不错，我们来解决一个概率问题，好不好？
Em: Dạ thưa thầy, em rất sợ toán xác suất, không biết làm sao bắt đầu ạ.
Thầy: Không sao cả, chúng ta sẽ cùng giải từng bước. Bài toán này là gieo ba con súc sắc và xác suất để số chấm xuất hiện trên ba con súc sắc như nhau là bao nhiêu? Em thử nghĩ xem mỗi lần gieo súc sắc có bao nhiêu kết quả?
Em: Dạ thưa thầy, mỗi lần gieo súc sắc có 6 mặt nên tổng số kết quả là 6x6x6 = 216 ạ.
Thầy: Rất tốt! Em đã tính được không gian mẫu. Bây giờ em thử liệt kê xem có bao nhiêu trường hợp thuận lợi cho biến cố “Số chấm xuất hiện trên ba con súc sắc như nhau” nhé?
Em: Dạ thưa thầy, chỉ có 6 trường hợp là (1;1;1), (2;2;2), (3;3;3), (4;4;4), (5;5;5) và (6;6;6) ạ.
Thầy: Chính xác rồi! Vậy số phần tử của biến cố này là bao nhiêu?
Em: Dạ thưa thầy, có 6 trường hợp thuận lợi ạ.
Thầy: Rất tốt! Vậy em tính được xác suất của biến cố này chưa?
Em: Dạ thưa thầy, ta có xác suất cần tìm bằng số phần tử của biến cố chia cho số phần tử không gian mẫu nên là 6/216 = 1/36 ạ.
Thầy: Đúng rồi! Vậy em đã hiểu bài toán này rồi nhé? Em thử giải thích lại một lần nữa xem sao?
Em: Dạ thưa thầy, khi gieo ba con súc sắc có tổng số kết quả là 216. Số phần tử của biến cố ""Số chấm xuất hiện trên ba con súc sắc như nhau"" là 6 trường hợp nên xác suất cần tìm là 6/216 = 1/36 ạ.
Thầy: Rất tốt! Em đã nắm bắt được cách giải rồi. Bây giờ em thử làm bài tập tương tự nhé."
Non-GPS,S_30,Yếu,5,"Thầy giáo: Em ơi, hôm nay thầy sẽ giải bài toán về xác suất cho em nhé.

Học sinh: OK thầy!

Thầy giáo: Bài toán này là gieo ba con súc sắc và tính xác suất để số chấm xuất hiện trên ba con súc sắc như nhau. Bạn có biết số phần tử của không gian mẫu là bao nhiêu không?

Học sinh: Em nghĩ là 6^3 = 216 vì mỗi con súc sắc có 6 mặt.

Thầy giáo: Đúng rồi, rất thông minh! Vậy số phần tử của không gian mẫu là 216. Tiếp theo, bạn hãy giúp thầy tính xem số trường hợp thuận lợi cho biến cố ""Số chấm xuất hiện trên ba con súc sắc như nhau"" là bao nhiêu nhé?

Học sinh: Em nghĩ có 6 trường hợp thuận lợi: (1;1;1), (2;2;2), (3;3;3), (4;4;4), (5;5;5) và (6;6;6).

Thầy giáo: Rất tốt! Vậy xác suất cần tính là bao nhiêu?

Học sinh: Xác suất sẽ là 6 chia cho 216, tức là \(\frac{1}{36}\).

Thầy giáo: Đúng rồi! Vậy đáp án của bài toán này là C. Em đã làm rất xuất sắc!

Học sinh: Cảm ơn thầy! Em sẽ cố gắng tiếp tục học tập."
