system,session_id,question_id,question,level,trace,n_turns,tutor_turns,student_turns,parsed_turn_ratio,student_tokens,tutor_tokens,token_balance_student_share,tutor_student_token_ratio,student_math,tutor_math,total_math,vai,math_density,student_reasoning_turns,student_reasoning_rate,direct_answer_leakage,non_vietnamese_leakage,reflection_required,reflection_completed,reflection_completion,phase_valid,solve_reached,gps_complete,premature_solve,skipped_guide,skipped_practice,stall,guide_loop,practice_pressure,max_same_phase_run,n_guide,n_practice,n_solve,phase_balance_entropy,degeneracy_flag,answer_dependency_index,autonomy_process_score
Human Pilot (GPS),HUMAN_SES_49b001_HS_AN,1,1,Giỏi,G-P-S,6,3,3,0.8571428571428571,67,69,0.49264705882352944,1.0298507462686568,0,0,0,0.0,0.0,2,0.6666666666666666,0,0,1,0,0,1,1,1,0,0,0,0,0,0,1,1,1,1,1.0,0,0.0,0.6666666666666666
Human Pilot (GPS),HUMAN_SES_836afe_HS_AN,2,2,Giỏi,G-P-S,6,3,3,0.75,66,69,0.4888888888888889,1.0454545454545454,0,0,0,0.0,0.0,3,1.0,0,0,1,0,0,1,1,1,0,0,0,0,0,0,1,1,1,1,1.0,0,0.0,0.75
Human Pilot (GPS),HUMAN_SES_2fde01_HS_AN,3,3,Giỏi,G-P-S,6,3,3,0.75,66,69,0.4888888888888889,1.0454545454545454,0,0,0,0.0,0.0,2,0.6666666666666666,0,0,1,0,0,1,1,1,0,0,0,0,0,0,1,1,1,1,1.0,0,0.0,0.6666666666666666
Human Pilot (GPS),HUMAN_SES_98bf33_HS_AN,4,4,Giỏi,G-P-S,6,3,3,0.75,66,69,0.4888888888888889,1.0454545454545454,0,0,0,0.0,0.0,2,0.6666666666666666,0,0,1,0,0,1,1,1,0,0,0,0,0,0,1,1,1,1,1.0,0,0.0,0.6666666666666666
Human Pilot (GPS),HUMAN_SES_a2a129_HS_AN,5,5,Giỏi,G-P-S,6,3,3,0.8571428571428571,66,69,0.4888888888888889,1.0454545454545454,0,0,0,0.0,0.0,3,1.0,0,0,1,0,0,1,1,1,0,0,0,0,0,0,1,1,1,1,1.0,0,0.0,0.75
Human Pilot (GPS),HUMAN_SES_e05448_HS_AN,6,6,Giỏi,G-P-S,6,3,3,1.0,68,69,0.49635036496350365,1.0147058823529411,0,0,0,0.0,0.0,2,0.6666666666666666,0,0,1,0,0,1,1,1,0,0,0,0,0,0,1,1,1,1,1.0,0,0.0,0.6666666666666666
Human Pilot (GPS),HUMAN_SES_d6f638_HS_AN,7,7,Giỏi,G-P-S,6,3,3,1.0,68,69,0.49635036496350365,1.0147058823529411,0,0,0,0.0,0.0,3,1.0,0,0,1,0,0,1,1,1,0,0,0,0,0,0,1,1,1,1,1.0,0,0.0,0.75
Human Pilot (GPS),HUMAN_SES_58e37f_HS_AN,8,8,Giỏi,G-P-S,6,3,3,1.0,68,69,0.49635036496350365,1.0147058823529411,0,0,0,0.0,0.0,3,1.0,0,0,1,0,0,1,1,1,0,0,0,0,0,0,1,1,1,1,1.0,0,0.0,0.75
Human Pilot (GPS),HUMAN_SES_28f2b8_HS_AN,9,9,Giỏi,G-P-S,6,3,3,1.0,68,69,0.49635036496350365,1.0147058823529411,0,0,0,0.0,0.0,2,0.6666666666666666,0,0,1,0,0,1,1,1,0,0,0,0,0,0,1,1,1,1,1.0,0,0.0,0.6666666666666666
Human Pilot (GPS),HUMAN_SES_255be2_HS_AN,10,10,Giỏi,G-P-S,6,3,3,1.0,66,69,0.4888888888888889,1.0454545454545454,0,0,0,0.0,0.0,2,0.6666666666666666,0,0,1,0,0,1,1,1,0,0,0,0,0,0,1,1,1,1,1.0,0,0.0,0.6666666666666666
Human Pilot (GPS),HUMAN_SES_ea8f4c_HS_AN,11,11,Giỏi,G-P-S,6,3,3,1.0,67,69,0.49264705882352944,1.0298507462686568,0,0,0,0.0,0.0,3,1.0,0,0,1,0,0,1,1,1,0,0,0,0,0,0,1,1,1,1,1.0,0,0.0,0.75
Human Pilot (GPS),HUMAN_SES_45a508_HS_AN,12,12,Giỏi,G-P-S,6,3,3,1.0,66,69,0.4888888888888889,1.0454545454545454,0,0,0,0.0,0.0,2,0.6666666666666666,0,0,1,0,0,1,1,1,0,0,0,0,0,0,1,1,1,1,1.0,0,0.0,0.6666666666666666
Human Pilot (GPS),HUMAN_SES_870555_HS_AN,13,13,Giỏi,G-P-S,6,3,3,1.0,66,69,0.4888888888888889,1.0454545454545454,0,0,0,0.0,0.0,3,1.0,0,0,1,0,0,1,1,1,0,0,0,0,0,0,1,1,1,1,1.0,0,0.0,0.75
Human Pilot (GPS),HUMAN_SES_058aa5_HS_AN,14,14,Giỏi,G-P-S,6,3,3,1.0,68,69,0.49635036496350365,1.0147058823529411,0,0,0,0.0,0.0,3,1.0,0,0,1,0,0,1,1,1,0,0,0,0,0,0,1,1,1,1,1.0,0,0.0,0.75
Human Pilot (GPS),HUMAN_SES_86fb07_HS_AN,15,15,Giỏi,G-P-S,6,3,3,1.0,67,69,0.49264705882352944,1.0298507462686568,0,0,0,0.0,0.0,3,1.0,0,0,1,0,0,1,1,1,0,0,0,0,0,0,1,1,1,1,1.0,0,0.0,0.75
Human Pilot (GPS),HUMAN_SES_549146_HS_AN,16,16,Giỏi,G-P-S,6,3,3,0.75,67,69,0.49264705882352944,1.0298507462686568,0,0,0,0.0,0.0,1,0.3333333333333333,0,0,1,0,0,1,1,1,0,0,0,0,0,0,1,1,1,1,1.0,0,0.0,0.5833333333333333
Human Pilot (GPS),HUMAN_SES_5fd397_HS_AN,17,17,Giỏi,G-P-S,6,3,3,0.6,70,69,0.5035971223021583,0.9857142857142858,0,0,0,0.0,0.0,1,0.3333333333333333,0,0,1,0,0,1,1,1,0,0,0,0,0,0,1,1,1,1,1.0,0,0.0,0.5833333333333333
Human Pilot (GPS),HUMAN_SES_5f6ada_HS_AN,18,18,Giỏi,G-P-S,6,3,3,0.6,70,69,0.5035971223021583,0.9857142857142858,0,0,0,0.0,0.0,2,0.6666666666666666,0,0,1,0,0,1,1,1,0,0,0,0,0,0,1,1,1,1,1.0,0,0.0,0.6666666666666666
Human Pilot (GPS),HUMAN_SES_9bee93_HS_AN,19,19,Giỏi,G-P-S,6,3,3,0.75,67,69,0.49264705882352944,1.0298507462686568,0,0,0,0.0,0.0,1,0.3333333333333333,0,0,1,0,0,1,1,1,0,0,0,0,0,0,1,1,1,1,1.0,0,0.0,0.5833333333333333
Human Pilot (GPS),HUMAN_SES_f3a267_HS_AN,20,20,Giỏi,G-P-S,6,3,3,1.0,67,69,0.49264705882352944,1.0298507462686568,0,0,0,0.0,0.0,2,0.6666666666666666,0,0,1,0,0,1,1,1,0,0,0,0,0,0,1,1,1,1,1.0,0,0.0,0.6666666666666666
Human Pilot (GPS),HUMAN_SES_ef41ef_HS_AN,21,21,Giỏi,G-P-S,6,3,3,1.0,67,69,0.49264705882352944,1.0298507462686568,0,0,0,0.0,0.0,2,0.6666666666666666,0,0,1,0,0,1,1,1,0,0,0,0,0,0,1,1,1,1,1.0,0,0.0,0.6666666666666666
Human Pilot (GPS),HUMAN_SES_9b605e_HS_AN,22,22,Giỏi,G-P-S,6,3,3,0.6666666666666666,68,69,0.49635036496350365,1.0147058823529411,0,0,0,0.0,0.0,1,0.3333333333333333,0,0,1,0,0,1,1,1,0,0,0,0,0,0,1,1,1,1,1.0,0,0.0,0.5833333333333333
Human Pilot (GPS),HUMAN_SES_e71d2f_HS_AN,23,23,Giỏi,G-P-S,6,3,3,0.6,69,69,0.5,1.0,0,0,0,0.0,0.0,1,0.3333333333333333,0,0,1,0,0,1,1,1,0,0,0,0,0,0,1,1,1,1,1.0,0,0.0,0.5833333333333333
Human Pilot (GPS),HUMAN_SES_8e5d68_HS_AN,24,24,Giỏi,G-P-S,6,3,3,1.0,67,69,0.49264705882352944,1.0298507462686568,0,0,0,0.0,0.0,2,0.6666666666666666,0,0,1,0,0,1,1,1,0,0,0,0,0,0,1,1,1,1,1.0,0,0.0,0.6666666666666666
Human Pilot (GPS),HUMAN_SES_7778bd_HS_AN,25,25,Giỏi,G-P-S,6,3,3,1.0,64,69,0.48120300751879697,1.078125,0,0,0,0.0,0.0,2,0.6666666666666666,0,0,1,0,0,1,1,1,0,0,0,0,0,0,1,1,1,1,1.0,0,0.0,0.6666666666666666
Human Pilot (GPS),HUMAN_SES_9dc4da_HS_AN,26,26,Giỏi,G-P-S,6,3,3,0.75,67,69,0.49264705882352944,1.0298507462686568,0,0,0,0.0,0.0,2,0.6666666666666666,0,0,1,0,0,1,1,1,0,0,0,0,0,0,1,1,1,1,1.0,0,0.0,0.6666666666666666
Human Pilot (GPS),HUMAN_SES_740379_HS_AN,27,27,Giỏi,G-P-S,6,3,3,1.0,67,69,0.49264705882352944,1.0298507462686568,0,0,0,0.0,0.0,2,0.6666666666666666,0,0,1,0,0,1,1,1,0,0,0,0,0,0,1,1,1,1,1.0,0,0.0,0.6666666666666666
Human Pilot (GPS),HUMAN_SES_0a3f6a_HS_AN,28,28,Giỏi,G-P-S,6,3,3,0.75,67,69,0.49264705882352944,1.0298507462686568,0,0,0,0.0,0.0,2,0.6666666666666666,0,0,1,0,0,1,1,1,0,0,0,0,0,0,1,1,1,1,1.0,0,0.0,0.6666666666666666
Human Pilot (GPS),HUMAN_SES_2aab23_HS_AN,29,29,Giỏi,G-P-S,6,3,3,1.0,69,69,0.5,1.0,0,0,0,0.0,0.0,2,0.6666666666666666,0,0,1,0,0,1,1,1,0,0,0,0,0,0,1,1,1,1,1.0,0,0.0,0.6666666666666666
Human Pilot (GPS),HUMAN_SES_40d06e_HS_AN,30,30,Giỏi,G-P-S,6,3,3,1.0,67,69,0.49264705882352944,1.0298507462686568,0,0,0,0.0,0.0,2,0.6666666666666666,0,0,1,0,0,1,1,1,0,0,0,0,0,0,1,1,1,1,1.0,0,0.0,0.6666666666666666
Human Pilot (GPS),HUMAN_SES_af38b1_HS_AN,31,31,Giỏi,G-P-S,6,3,3,1.0,68,69,0.49635036496350365,1.0147058823529411,0,0,0,0.0,0.0,2,0.6666666666666666,0,0,1,0,0,1,1,1,0,0,0,0,0,0,1,1,1,1,1.0,0,0.0,0.6666666666666666
Human Pilot (GPS),HUMAN_SES_770694_HS_AN,32,32,Giỏi,G-P-S,6,3,3,1.0,66,69,0.4888888888888889,1.0454545454545454,0,0,0,0.0,0.0,2,0.6666666666666666,0,0,1,0,0,1,1,1,0,0,0,0,0,0,1,1,1,1,1.0,0,0.0,0.6666666666666666
Human Pilot (GPS),HUMAN_SES_18e746_HS_AN,33,33,Giỏi,G-P-S,6,3,3,1.0,69,69,0.5,1.0,0,0,0,0.0,0.0,1,0.3333333333333333,0,0,1,0,0,1,1,1,0,0,0,0,0,0,1,1,1,1,1.0,0,0.0,0.5833333333333333
Human Pilot (GPS),HUMAN_SES_d697e1_HS_AN,34,34,Giỏi,G-P-S,6,3,3,1.0,67,69,0.49264705882352944,1.0298507462686568,0,0,0,0.0,0.0,3,1.0,0,0,1,0,0,1,1,1,0,0,0,0,0,0,1,1,1,1,1.0,0,0.0,0.75
Human Pilot (GPS),HUMAN_SES_d14fc8_HS_AN,35,35,Giỏi,G-P-S,6,3,3,1.0,65,69,0.48507462686567165,1.0615384615384615,0,0,0,0.0,0.0,3,1.0,0,0,1,0,0,1,1,1,0,0,0,0,0,0,1,1,1,1,1.0,0,0.0,0.75
Human Pilot (GPS),HUMAN_SES_5f6f90_HS_AN,36,36,Giỏi,G-P-S,6,3,3,1.0,65,69,0.48507462686567165,1.0615384615384615,0,0,0,0.0,0.0,2,0.6666666666666666,0,0,1,0,0,1,1,1,0,0,0,0,0,0,1,1,1,1,1.0,0,0.0,0.6666666666666666
Human Pilot (GPS),HUMAN_SES_7fe921_HS_AN,37,37,Giỏi,G-P-S,6,3,3,1.0,68,69,0.49635036496350365,1.0147058823529411,0,0,0,0.0,0.0,2,0.6666666666666666,0,0,1,0,0,1,1,1,0,0,0,0,0,0,1,1,1,1,1.0,0,0.0,0.6666666666666666
Human Pilot (GPS),HUMAN_SES_9c1467_HS_AN,38,38,Giỏi,G-P-S,6,3,3,1.0,65,69,0.48507462686567165,1.0615384615384615,0,0,0,0.0,0.0,2,0.6666666666666666,0,0,1,0,0,1,1,1,0,0,0,0,0,0,1,1,1,1,1.0,0,0.0,0.6666666666666666
Human Pilot (GPS),HUMAN_SES_ef0e8a_HS_AN,39,39,Giỏi,G-P-S,6,3,3,1.0,70,69,0.5035971223021583,0.9857142857142858,0,0,0,0.0,0.0,2,0.6666666666666666,0,0,1,0,0,1,1,1,0,0,0,0,0,0,1,1,1,1,1.0,0,0.0,0.6666666666666666
Human Pilot (GPS),HUMAN_SES_8c3667_HS_AN,40,40,Giỏi,G-P-S,6,3,3,1.0,70,69,0.5035971223021583,0.9857142857142858,0,0,0,0.0,0.0,2,0.6666666666666666,0,0,1,0,0,1,1,1,0,0,0,0,0,0,1,1,1,1,1.0,0,0.0,0.6666666666666666
Human Pilot (GPS),HUMAN_SES_3d57fc_HS_AN,41,41,Giỏi,G-P-S,6,3,3,1.0,66,69,0.4888888888888889,1.0454545454545454,0,0,0,0.0,0.0,2,0.6666666666666666,0,0,1,0,0,1,1,1,0,0,0,0,0,0,1,1,1,1,1.0,0,0.0,0.6666666666666666
Human Pilot (GPS),HUMAN_SES_e6f4a4_HS_AN,42,42,Giỏi,G-P-S,6,3,3,0.6,66,69,0.4888888888888889,1.0454545454545454,0,0,0,0.0,0.0,1,0.3333333333333333,0,0,1,0,0,1,1,1,0,0,0,0,0,0,1,1,1,1,1.0,0,0.0,0.5833333333333333
Human Pilot (GPS),HUMAN_SES_d080e3_HS_AN,43,43,Giỏi,G-P-S,6,3,3,0.6666666666666666,66,69,0.4888888888888889,1.0454545454545454,0,0,0,0.0,0.0,3,1.0,0,0,1,0,0,1,1,1,0,0,0,0,0,0,1,1,1,1,1.0,0,0.0,0.75
Human Pilot (GPS),HUMAN_SES_cffde5_HS_AN,44,44,Giỏi,G-P-S,6,3,3,1.0,65,69,0.48507462686567165,1.0615384615384615,0,0,0,0.0,0.0,2,0.6666666666666666,0,0,1,0,0,1,1,1,0,0,0,0,0,0,1,1,1,1,1.0,0,0.0,0.6666666666666666
Human Pilot (GPS),HUMAN_SES_ea08c1_HS_AN,45,45,Giỏi,G-P-S,6,3,3,1.0,65,69,0.48507462686567165,1.0615384615384615,0,0,0,0.0,0.0,2,0.6666666666666666,0,0,1,0,0,1,1,1,0,0,0,0,0,0,1,1,1,1,1.0,0,0.0,0.6666666666666666
Human Pilot (GPS),HUMAN_SES_cffcf5_HS_BINH,1,1,Yếu,G-G-P-P-S,10,5,5,0.7692307692307693,89,114,0.43842364532019706,1.2808988764044944,0,0,0,0.0,0.0,3,0.6,0,0,1,0,0,1,1,1,0,0,0,0,0,0,2,2,2,1,0.9602297178607612,0,0.0,0.65
Human Pilot (GPS),HUMAN_SES_a1a26b_HS_BINH,2,2,Yếu,G-G-P-P-S,10,5,5,0.7142857142857143,88,114,0.43564356435643564,1.2954545454545454,0,0,0,0.0,0.0,3,0.6,0,0,1,0,0,1,1,1,0,0,0,0,0,0,2,2,2,1,0.9602297178607612,0,0.0,0.65
Human Pilot (GPS),HUMAN_SES_025217_HS_BINH,3,3,Yếu,G-G-P-P-S,10,5,5,0.7142857142857143,90,114,0.4411764705882353,1.2666666666666666,0,0,0,0.0,0.0,3,0.6,0,0,1,0,0,1,1,1,0,0,0,0,0,0,2,2,2,1,0.9602297178607612,0,0.0,0.65
Human Pilot (GPS),HUMAN_SES_13c43a_HS_BINH,4,4,Yếu,G-G-P-P-S,10,5,5,0.7142857142857143,90,114,0.4411764705882353,1.2666666666666666,0,0,0,0.0,0.0,3,0.6,0,0,1,0,0,1,1,1,0,0,0,0,0,0,2,2,2,1,0.9602297178607612,0,0.0,0.65
Human Pilot (GPS),HUMAN_SES_746162_HS_BINH,5,5,Yếu,G-G-P-P-S,10,5,5,0.7692307692307693,88,114,0.43564356435643564,1.2954545454545454,0,0,0,0.0,0.0,5,1.0,0,0,1,0,0,1,1,1,0,0,0,0,0,0,2,2,2,1,0.9602297178607612,0,0.0,0.75
Human Pilot (GPS),HUMAN_SES_e693b1_HS_BINH,6,6,Yếu,G-G-P-P-S,10,5,5,1.0,92,120,0.4339622641509434,1.3043478260869565,0,0,0,0.0,0.0,3,0.6,0,0,1,0,0,1,1,1,0,0,0,0,0,0,2,2,2,1,0.9602297178607612,0,0.0,0.65
Human Pilot (GPS),HUMAN_SES_d9a3e1_HS_BINH,7,7,Yếu,G-G-P-P-S,10,5,5,0.8333333333333334,92,132,0.4107142857142857,1.434782608695652,0,0,0,0.0,0.0,5,1.0,0,0,1,0,0,1,1,1,0,0,0,0,0,0,2,2,2,1,0.9602297178607612,0,0.0,0.75
Human Pilot (GPS),HUMAN_SES_523be8_HS_BINH,8,8,Yếu,G-G-P-P-S,10,5,5,0.8333333333333334,92,132,0.4107142857142857,1.434782608695652,0,0,0,0.0,0.0,5,1.0,0,0,1,0,0,1,1,1,0,0,0,0,0,0,2,2,2,1,0.9602297178607612,0,0.0,0.75
Human Pilot (GPS),HUMAN_SES_1160e2_HS_BINH,9,9,Yếu,G-G-P-P-S,10,5,5,1.0,92,132,0.4107142857142857,1.434782608695652,0,0,0,0.0,0.0,3,0.6,0,0,1,0,0,1,1,1,0,0,0,0,0,0,2,2,2,1,0.9602297178607612,0,0.0,0.65
Human Pilot (GPS),HUMAN_SES_07974f_HS_BINH,10,10,Yếu,G-G-P-P-S,10,5,5,1.0,88,128,0.4074074074074074,1.4545454545454546,0,0,0,0.0,0.0,3,0.6,0,0,1,0,0,1,1,1,0,0,0,0,0,0,2,2,2,1,0.9602297178607612,0,0.0,0.65
Human Pilot (GPS),HUMAN_SES_f4be78_HS_BINH,11,11,Yếu,G-G-P-P-S,10,5,5,1.0,90,132,0.40540540540540543,1.4666666666666666,0,0,0,0.0,0.0,5,1.0,0,0,1,0,0,1,1,1,0,0,0,0,0,0,2,2,2,1,0.9602297178607612,0,0.0,0.75
Human Pilot (GPS),HUMAN_SES_ebcbb9_HS_BINH,12,12,Yếu,G-G-P-P-S,10,5,5,1.0,88,128,0.4074074074074074,1.4545454545454546,0,0,0,0.0,0.0,3,0.6,0,0,1,0,0,1,1,1,0,0,0,0,0,0,2,2,2,1,0.9602297178607612,0,0.0,0.65
Human Pilot (GPS),HUMAN_SES_01fab1_HS_BINH,13,13,Yếu,G-G-P-P-S,10,5,5,1.0,91,130,0.4117647058823529,1.4285714285714286,0,0,0,0.0,0.0,5,1.0,0,0,1,0,0,1,1,1,0,0,0,0,0,0,2,2,2,1,0.9602297178607612,0,0.0,0.75
Human Pilot (GPS),HUMAN_SES_c40516_HS_BINH,14,14,Yếu,G-G-P-P-S,10,5,5,0.8333333333333334,90,132,0.40540540540540543,1.4666666666666666,0,0,0,0.0,0.0,5,1.0,0,0,1,0,0,1,1,1,0,0,0,0,0,0,2,2,2,1,0.9602297178607612,0,0.0,0.75
Human Pilot (GPS),HUMAN_SES_f38316_HS_BINH,15,15,Yếu,G-G-P-P-S,10,5,5,0.8333333333333334,90,132,0.40540540540540543,1.4666666666666666,0,0,0,0.0,0.0,5,1.0,0,0,1,0,0,1,1,1,0,0,0,0,0,0,2,2,2,1,0.9602297178607612,0,0.0,0.75
Human Pilot (GPS),HUMAN_SES_bb7cce_HS_BINH,16,16,Yếu,G-G-P-P-S,10,5,5,0.625,90,116,0.4368932038834951,1.288888888888889,0,0,0,0.0,0.0,2,0.4,0,0,1,0,0,1,1,1,0,0,0,0,0,0,2,2,2,1,0.9602297178607612,0,0.0,0.6
Human Pilot (GPS),HUMAN_SES_0ef33b_HS_BINH,17,17,Yếu,G-G-P-P-S,10,5,5,0.5,95,116,0.45023696682464454,1.2210526315789474,0,0,0,0.0,0.0,2,0.4,0,0,1,0,0,1,1,1,0,0,0,0,0,0,2,2,2,1,0.9602297178607612,0,0.0,0.6
Human Pilot (GPS),HUMAN_SES_d31218_HS_BINH,18,18,Yếu,G-G-P-P-S,10,5,5,0.5,93,114,0.4492753623188406,1.2258064516129032,0,0,0,0.0,0.0,3,0.6,0,0,1,0,0,1,1,1,0,0,0,0,0,0,2,2,2,1,0.9602297178607612,0,0.0,0.65
Human Pilot (GPS),HUMAN_SES_783ae3_HS_BINH,19,19,Yếu,G-G-P-P-S,10,5,5,0.45454545454545453,90,140,0.391304347826087,1.5555555555555556,0,0,0,0.0,0.0,2,0.4,0,0,1,0,0,1,1,1,0,0,0,0,0,0,2,2,2,1,0.9602297178607612,0,0.0,0.6
Human Pilot (GPS),HUMAN_SES_0ff40a_HS_BINH,20,20,Yếu,G-G-P-P-S,10,5,5,1.0,88,128,0.4074074074074074,1.4545454545454546,0,0,0,0.0,0.0,3,0.6,0,0,1,0,0,1,1,1,0,0,0,0,0,0,2,2,2,1,0.9602297178607612,0,0.0,0.65
Human Pilot (GPS),HUMAN_SES_104528_HS_BINH,21,21,Yếu,G-G-P-P-S,10,5,5,1.0,90,122,0.42452830188679247,1.3555555555555556,0,0,0,0.0,0.0,3,0.6,0,0,1,0,0,1,1,1,0,0,0,0,0,0,2,2,2,1,0.9602297178607612,0,0.0,0.65
Human Pilot (GPS),HUMAN_SES_9556d2_HS_BINH,22,22,Yếu,G-G-P-P-S,10,5,5,0.5882352941176471,92,112,0.45098039215686275,1.2173913043478262,0,0,0,0.0,0.0,2,0.4,0,0,1,0,0,1,1,1,0,0,0,0,0,0,2,2,2,1,0.9602297178607612,0,0.0,0.6
Human Pilot (GPS),HUMAN_SES_956139_HS_BINH,23,23,Yếu,G-G-P-P-S,10,5,5,0.5,93,114,0.4492753623188406,1.2258064516129032,0,0,0,0.0,0.0,2,0.4,0,0,1,0,0,1,1,1,0,0,0,0,0,0,2,2,2,1,0.9602297178607612,0,0.0,0.6
Human Pilot (GPS),HUMAN_SES_39a469_HS_BINH,24,24,Yếu,G-G-P-P-S,10,5,5,1.0,89,124,0.41784037558685444,1.3932584269662922,0,0,0,0.0,0.0,3,0.6,0,0,1,0,0,1,1,1,0,0,0,0,0,0,2,2,2,1,0.9602297178607612,0,0.0,0.65
Human Pilot (GPS),HUMAN_SES_0b4def_HS_BINH,25,25,Yếu,G-G-P-P-S,10,5,5,1.0,88,124,0.41509433962264153,1.4090909090909092,0,0,0,0.0,0.0,3,0.6,0,0,1,0,0,1,1,1,0,0,0,0,0,0,2,2,2,1,0.9602297178607612,0,0.0,0.65
Human Pilot (GPS),HUMAN_SES_aee95e_HS_BINH,26,26,Yếu,G-G-P-P-S,10,5,5,0.625,90,118,0.4326923076923077,1.3111111111111111,0,0,0,0.0,0.0,3,0.6,0,0,1,0,0,1,1,1,0,0,0,0,0,0,2,2,2,1,0.9602297178607612,0,0.0,0.65
Human Pilot (GPS),HUMAN_SES_beaf4b_HS_BINH,27,27,Yếu,G-G-P-P-S,10,5,5,1.0,91,132,0.4080717488789238,1.4505494505494505,0,0,0,0.0,0.0,3,0.6,0,0,1,0,0,1,1,1,0,0,0,0,0,0,2,2,2,1,0.9602297178607612,0,0.0,0.65
Human Pilot (GPS),HUMAN_SES_75aa25_HS_BINH,28,28,Yếu,G-G-P-P-S,10,5,5,0.625,89,132,0.40271493212669685,1.4831460674157304,0,0,0,0.0,0.0,3,0.6,0,0,1,0,0,1,1,1,0,0,0,0,0,0,2,2,2,1,0.9602297178607612,0,0.0,0.65
Human Pilot (GPS),HUMAN_SES_2b1781_HS_BINH,29,29,Yếu,G-G-P-P-S,10,5,5,1.0,93,130,0.4170403587443946,1.3978494623655915,0,0,0,0.0,0.0,3,0.6,0,0,1,0,0,1,1,1,0,0,0,0,0,0,2,2,2,1,0.9602297178607612,0,0.0,0.65
Human Pilot (GPS),HUMAN_SES_f91cfe_HS_BINH,30,30,Yếu,G-G-P-P-S,10,5,5,0.8333333333333334,89,130,0.4063926940639269,1.4606741573033708,0,0,0,0.0,0.0,3,0.6,0,0,1,0,0,1,1,1,0,0,0,0,0,0,2,2,2,1,0.9602297178607612,0,0.0,0.65
Human Pilot (GPS),HUMAN_SES_1800b4_HS_BINH,31,31,Yếu,G-G-P-P-S,10,5,5,0.8333333333333334,93,148,0.38589211618257263,1.5913978494623655,0,0,0,0.0,0.0,3,0.6,0,0,1,0,0,1,1,1,0,0,0,0,0,0,2,2,2,1,0.9602297178607612,0,0.0,0.65
Human Pilot (GPS),HUMAN_SES_eedbe8_HS_BINH,32,32,Yếu,G-G-P-P-S,10,5,5,1.0,88,110,0.4444444444444444,1.25,0,0,0,0.0,0.0,4,0.8,0,0,1,0,0,1,1,1,0,0,0,0,0,0,2,2,2,1,0.9602297178607612,0,0.0,0.7
Human Pilot (GPS),HUMAN_SES_516774_HS_BINH,33,33,Yếu,G-G-P-P-S,10,5,5,0.8333333333333334,93,140,0.39914163090128757,1.5053763440860215,0,0,0,0.0,0.0,2,0.4,0,0,1,0,0,1,1,1,0,0,0,0,0,0,2,2,2,1,0.9602297178607612,0,0.0,0.6
Human Pilot (GPS),HUMAN_SES_8e9cc6_HS_BINH,34,34,Yếu,G-G-P-P-S,10,5,5,1.0,90,126,0.4166666666666667,1.4,0,0,0,0.0,0.0,5,1.0,0,0,1,0,0,1,1,1,0,0,0,0,0,0,2,2,2,1,0.9602297178607612,0,0.0,0.75
Human Pilot (GPS),HUMAN_SES_1f6926_HS_BINH,35,35,Yếu,G-G-P-P-S,10,5,5,1.0,88,124,0.41509433962264153,1.4090909090909092,0,0,0,0.0,0.0,5,1.0,0,0,1,0,0,1,1,1,0,0,0,0,0,0,2,2,2,1,0.9602297178607612,0,0.0,0.75
Human Pilot (GPS),HUMAN_SES_b85479_HS_BINH,36,36,Yếu,G-G-P-P-S,10,5,5,1.0,87,124,0.41232227488151657,1.4252873563218391,0,0,0,0.0,0.0,3,0.6,0,0,1,0,0,1,1,1,0,0,0,0,0,0,2,2,2,1,0.9602297178607612,0,0.0,0.65
Human Pilot (GPS),HUMAN_SES_7a2d0d_HS_BINH,37,37,Yếu,G-G-P-P-S,10,5,5,1.0,90,128,0.41284403669724773,1.4222222222222223,0,0,0,0.0,0.0,3,0.6,0,0,1,0,0,1,1,1,0,0,0,0,0,0,2,2,2,1,0.9602297178607612,0,0.0,0.65
Human Pilot (GPS),HUMAN_SES_2d495c_HS_BINH,38,38,Yếu,G-G-P-P-S,10,5,5,1.0,87,128,0.4046511627906977,1.471264367816092,0,0,0,0.0,0.0,3,0.6,0,0,1,0,0,1,1,1,0,0,0,0,0,0,2,2,2,1,0.9602297178607612,0,0.0,0.65
Human Pilot (GPS),HUMAN_SES_7c3099_HS_BINH,39,39,Yếu,G-G-P-P-S,10,5,5,1.0,91,126,0.41935483870967744,1.3846153846153846,0,0,0,0.0,0.0,3,0.6,0,0,1,0,0,1,1,1,0,0,0,0,0,0,2,2,2,1,0.9602297178607612,0,0.0,0.65
Human Pilot (GPS),HUMAN_SES_4b47a5_HS_BINH,40,40,Yếu,G-G-P-P-S,10,5,5,1.0,91,124,0.4232558139534884,1.3626373626373627,0,0,0,0.0,0.0,3,0.6,0,0,1,0,0,1,1,1,0,0,0,0,0,0,2,2,2,1,0.9602297178607612,0,0.0,0.65
Human Pilot (GPS),HUMAN_SES_33b675_HS_BINH,41,41,Yếu,G-G-P-P-S,10,5,5,1.0,88,128,0.4074074074074074,1.4545454545454546,0,0,0,0.0,0.0,3,0.6,0,0,1,0,0,1,1,1,0,0,0,0,0,0,2,2,2,1,0.9602297178607612,0,0.0,0.65
Human Pilot (GPS),HUMAN_SES_4b4660_HS_BINH,42,42,Yếu,G-G-P-P-S,10,5,5,0.45454545454545453,88,116,0.43137254901960786,1.3181818181818181,0,0,0,0.0,0.0,2,0.4,0,0,1,0,0,1,1,1,0,0,0,0,0,0,2,2,2,1,0.9602297178607612,0,0.0,0.6
Human Pilot (GPS),HUMAN_SES_1defa3_HS_BINH,43,43,Yếu,G-G-P-P-S,10,5,5,0.47619047619047616,89,120,0.4258373205741627,1.348314606741573,0,0,0,0.0,0.0,5,1.0,0,0,1,0,0,1,1,1,0,0,0,0,0,0,2,2,2,1,0.9602297178607612,0,0.0,0.75
Human Pilot (GPS),HUMAN_SES_34fac8_HS_BINH,44,44,Yếu,G-G-P-P-S,10,5,5,1.0,87,118,0.424390243902439,1.3563218390804597,0,0,0,0.0,0.0,3,0.6,0,0,1,0,0,1,1,1,0,0,0,0,0,0,2,2,2,1,0.9602297178607612,0,0.0,0.65
Human Pilot (GPS),HUMAN_SES_1f8714_HS_BINH,45,45,Yếu,G-G-P-P-S,10,5,5,1.0,87,128,0.4046511627906977,1.471264367816092,0,0,0,0.0,0.0,3,0.6,0,0,1,0,0,1,1,1,0,0,0,0,0,0,2,2,2,1,0.9602297178607612,0,0.0,0.65
Human Pilot (GPS),HUMAN_SES_2ae769_HS_CHI,1,1,Mất tập trung,G-G-P-S,8,4,4,0.8888888888888888,73,94,0.437125748502994,1.2876712328767124,0,0,0,0.0,0.0,2,0.5,0,0,1,0,0,1,1,1,0,0,0,0,0,0,2,2,1,1,0.9463946303571862,0,0.0,0.625
Human Pilot (GPS),HUMAN_SES_726444_HS_CHI,2,2,Mất tập trung,G-G-P-S,8,4,4,0.8,72,94,0.43373493975903615,1.3055555555555556,0,0,0,0.0,0.0,2,0.5,0,0,1,0,0,1,1,1,0,0,0,0,0,0,2,2,1,1,0.9463946303571862,0,0.0,0.625
Human Pilot (GPS),HUMAN_SES_8feeed_HS_CHI,3,3,Mất tập trung,G-G-P-S,8,4,4,0.8,74,94,0.44047619047619047,1.2702702702702702,0,0,0,0.0,0.0,2,0.5,0,0,1,0,0,1,1,1,0,0,0,0,0,0,2,2,1,1,0.9463946303571862,0,0.0,0.625
Human Pilot (GPS),HUMAN_SES_405410_HS_CHI,4,4,Mất tập trung,G-G-P-S,8,4,4,0.8,74,94,0.44047619047619047,1.2702702702702702,0,0,0,0.0,0.0,2,0.5,0,0,1,0,0,1,1,1,0,0,0,0,0,0,2,2,1,1,0.9463946303571862,0,0.0,0.625
Human Pilot (GPS),HUMAN_SES_00c861_HS_CHI,5,5,Mất tập trung,G-G-P-S,8,4,4,0.8888888888888888,72,94,0.43373493975903615,1.3055555555555556,0,0,0,0.0,0.0,4,1.0,0,0,1,0,0,1,1,1,0,0,0,0,0,0,2,2,1,1,0.9463946303571862,0,0.0,0.75
Human Pilot (GPS),HUMAN_SES_28c3ac_HS_CHI,6,6,Mất tập trung,G-G-P-S,8,4,4,1.0,76,94,0.4470588235294118,1.236842105263158,0,0,0,0.0,0.0,2,0.5,0,0,1,0,0,1,1,1,0,0,0,0,0,0,2,2,1,1,0.9463946303571862,0,0.0,0.625
Human Pilot (GPS),HUMAN_SES_d5709e_HS_CHI,7,7,Mất tập trung,G-G-P-S,8,4,4,1.0,76,94,0.4470588235294118,1.236842105263158,0,0,0,0.0,0.0,4,1.0,0,0,1,0,0,1,1,1,0,0,0,0,0,0,2,2,1,1,0.9463946303571862,0,0.0,0.75
Human Pilot (GPS),HUMAN_SES_bbd47b_HS_CHI,8,8,Mất tập trung,G-G-P-S,8,4,4,1.0,76,94,0.4470588235294118,1.236842105263158,0,0,0,0.0,0.0,4,1.0,0,0,1,0,0,1,1,1,0,0,0,0,0,0,2,2,1,1,0.9463946303571862,0,0.0,0.75
Human Pilot (GPS),HUMAN_SES_7639fe_HS_CHI,9,9,Mất tập trung,G-G-P-S,8,4,4,1.0,76,94,0.4470588235294118,1.236842105263158,0,0,0,0.0,0.0,2,0.5,0,0,1,0,0,1,1,1,0,0,0,0,0,0,2,2,1,1,0.9463946303571862,0,0.0,0.625
Human Pilot (GPS),HUMAN_SES_0ce360_HS_CHI,10,10,Mất tập trung,G-G-P-S,8,4,4,1.0,72,94,0.43373493975903615,1.3055555555555556,0,0,0,0.0,0.0,2,0.5,0,0,1,0,0,1,1,1,0,0,0,0,0,0,2,2,1,1,0.9463946303571862,0,0.0,0.625
Human Pilot (GPS),HUMAN_SES_cce706_HS_CHI,11,11,Mất tập trung,G-G-P-S,8,4,4,1.0,74,94,0.44047619047619047,1.2702702702702702,0,0,0,0.0,0.0,4,1.0,0,0,1,0,0,1,1,1,0,0,0,0,0,0,2,2,1,1,0.9463946303571862,0,0.0,0.75
Human Pilot (GPS),HUMAN_SES_c3bc43_HS_CHI,12,12,Mất tập trung,G-G-P-S,8,4,4,1.0,72,94,0.43373493975903615,1.3055555555555556,0,0,0,0.0,0.0,2,0.5,0,0,1,0,0,1,1,1,0,0,0,0,0,0,2,2,1,1,0.9463946303571862,0,0.0,0.625
Human Pilot (GPS),HUMAN_SES_6608fc_HS_CHI,13,13,Mất tập trung,G-G-P-S,8,4,4,1.0,75,94,0.4437869822485207,1.2533333333333334,0,0,0,0.0,0.0,4,1.0,0,0,1,0,0,1,1,1,0,0,0,0,0,0,2,2,1,1,0.9463946303571862,0,0.0,0.75
Human Pilot (GPS),HUMAN_SES_779c59_HS_CHI,14,14,Mất tập trung,G-G-P-S,8,4,4,1.0,74,94,0.44047619047619047,1.2702702702702702,0,0,0,0.0,0.0,4,1.0,0,0,1,0,0,1,1,1,0,0,0,0,0,0,2,2,1,1,0.9463946303571862,0,0.0,0.75
Human Pilot (GPS),HUMAN_SES_db3781_HS_CHI,15,15,Mất tập trung,G-G-P-S,8,4,4,1.0,74,94,0.44047619047619047,1.2702702702702702,0,0,0,0.0,0.0,4,1.0,0,0,1,0,0,1,1,1,0,0,0,0,0,0,2,2,1,1,0.9463946303571862,0,0.0,0.75
Human Pilot (GPS),HUMAN_SES_348e8d_HS_CHI,16,16,Mất tập trung,G-G-P-S,8,4,4,0.8,74,94,0.44047619047619047,1.2702702702702702,0,0,0,0.0,0.0,1,0.25,0,0,1,0,0,1,1,1,0,0,0,0,0,0,2,2,1,1,0.9463946303571862,0,0.0,0.5625
Human Pilot (GPS),HUMAN_SES_f090f4_HS_CHI,17,17,Mất tập trung,G-G-P-S,8,4,4,0.6666666666666666,79,94,0.45664739884393063,1.1898734177215189,0,0,0,0.0,0.0,1,0.25,0,0,1,0,0,1,1,1,0,0,0,0,0,0,2,2,1,1,0.9463946303571862,0,0.0,0.5625
Human Pilot (GPS),HUMAN_SES_725f07_HS_CHI,18,18,Mất tập trung,G-G-P-S,8,4,4,0.6666666666666666,77,94,0.4502923976608187,1.2207792207792207,0,0,0,0.0,0.0,2,0.5,0,0,1,0,0,1,1,1,0,0,0,0,0,0,2,2,1,1,0.9463946303571862,0,0.0,0.625
Human Pilot (GPS),HUMAN_SES_f3cdd4_HS_CHI,19,19,Mất tập trung,G-G-P-S,8,4,4,0.8,74,94,0.44047619047619047,1.2702702702702702,0,0,0,0.0,0.0,1,0.25,0,0,1,0,0,1,1,1,0,0,0,0,0,0,2,2,1,1,0.9463946303571862,0,0.0,0.5625
Human Pilot (GPS),HUMAN_SES_775f5e_HS_CHI,20,20,Mất tập trung,G-G-P-S,8,4,4,1.0,72,94,0.43373493975903615,1.3055555555555556,0,0,0,0.0,0.0,2,0.5,0,0,1,0,0,1,1,1,0,0,0,0,0,0,2,2,1,1,0.9463946303571862,0,0.0,0.625
Human Pilot (GPS),HUMAN_SES_abe16b_HS_CHI,21,21,Mất tập trung,G-G-P-S,8,4,4,1.0,74,94,0.44047619047619047,1.2702702702702702,0,0,0,0.0,0.0,2,0.5,0,0,1,0,0,1,1,1,0,0,0,0,0,0,2,2,1,1,0.9463946303571862,0,0.0,0.625
Human Pilot (GPS),HUMAN_SES_654ce8_HS_CHI,22,22,Mất tập trung,G-G-P-S,8,4,4,0.7272727272727273,76,94,0.4470588235294118,1.236842105263158,0,0,0,0.0,0.0,1,0.25,0,0,1,0,0,1,1,1,0,0,0,0,0,0,2,2,1,1,0.9463946303571862,0,0.0,0.5625
Human Pilot (GPS),HUMAN_SES_4e6f5d_HS_CHI,23,23,Mất tập trung,G-G-P-S,8,4,4,0.6666666666666666,77,94,0.4502923976608187,1.2207792207792207,0,0,0,0.0,0.0,1,0.25,0,0,1,0,0,1,1,1,0,0,0,0,0,0,2,2,1,1,0.9463946303571862,0,0.0,0.5625
Human Pilot (GPS),HUMAN_SES_e3b24c_HS_CHI,24,24,Mất tập trung,G-G-P-S,8,4,4,1.0,73,94,0.437125748502994,1.2876712328767124,0,0,0,0.0,0.0,2,0.5,0,0,1,0,0,1,1,1,0,0,0,0,0,0,2,2,1,1,0.9463946303571862,0,0.0,0.625
Human Pilot (GPS),HUMAN_SES_5a2b96_HS_CHI,25,25,Mất tập trung,G-G-P-S,8,4,4,1.0,72,94,0.43373493975903615,1.3055555555555556,0,0,0,0.0,0.0,2,0.5,0,0,1,0,0,1,1,1,0,0,0,0,0,0,2,2,1,1,0.9463946303571862,0,0.0,0.625
Human Pilot (GPS),HUMAN_SES_d9e57f_HS_CHI,26,26,Mất tập trung,G-G-P-S,8,4,4,0.8,74,94,0.44047619047619047,1.2702702702702702,0,0,0,0.0,0.0,2,0.5,0,0,1,0,0,1,1,1,0,0,0,0,0,0,2,2,1,1,0.9463946303571862,0,0.0,0.625
Human Pilot (GPS),HUMAN_SES_b35b06_HS_CHI,27,27,Mất tập trung,G-G-P-S,8,4,4,1.0,75,94,0.4437869822485207,1.2533333333333334,0,0,0,0.0,0.0,2,0.5,0,0,1,0,0,1,1,1,0,0,0,0,0,0,2,2,1,1,0.9463946303571862,0,0.0,0.625
Human Pilot (GPS),HUMAN_SES_b4c639_HS_CHI,28,28,Mất tập trung,G-G-P-S,8,4,4,0.8,73,94,0.437125748502994,1.2876712328767124,0,0,0,0.0,0.0,2,0.5,0,0,1,0,0,1,1,1,0,0,0,0,0,0,2,2,1,1,0.9463946303571862,0,0.0,0.625
Human Pilot (GPS),HUMAN_SES_44ce56_HS_CHI,29,29,Mất tập trung,G-G-P-S,8,4,4,1.0,77,94,0.4502923976608187,1.2207792207792207,0,0,0,0.0,0.0,2,0.5,0,0,1,0,0,1,1,1,0,0,0,0,0,0,2,2,1,1,0.9463946303571862,0,0.0,0.625
Human Pilot (GPS),HUMAN_SES_26a637_HS_CHI,30,30,Mất tập trung,G-G-P-S,8,4,4,1.0,73,94,0.437125748502994,1.2876712328767124,0,0,0,0.0,0.0,2,0.5,0,0,1,0,0,1,1,1,0,0,0,0,0,0,2,2,1,1,0.9463946303571862,0,0.0,0.625
Human Pilot (GPS),HUMAN_SES_007039_HS_CHI,31,31,Mất tập trung,G-G-P-S,8,4,4,1.0,77,94,0.4502923976608187,1.2207792207792207,0,0,0,0.0,0.0,2,0.5,0,0,1,0,0,1,1,1,0,0,0,0,0,0,2,2,1,1,0.9463946303571862,0,0.0,0.625
Human Pilot (GPS),HUMAN_SES_7dffe6_HS_CHI,32,32,Mất tập trung,G-G-P-S,8,4,4,1.0,72,94,0.43373493975903615,1.3055555555555556,0,0,0,0.0,0.0,3,0.75,0,0,1,0,0,1,1,1,0,0,0,0,0,0,2,2,1,1,0.9463946303571862,0,0.0,0.6875
Human Pilot (GPS),HUMAN_SES_587d49_HS_CHI,33,33,Mất tập trung,G-G-P-S,8,4,4,1.0,77,94,0.4502923976608187,1.2207792207792207,0,0,0,0.0,0.0,1,0.25,0,0,1,0,0,1,1,1,0,0,0,0,0,0,2,2,1,1,0.9463946303571862,0,0.0,0.5625
Human Pilot (GPS),HUMAN_SES_3f4037_HS_CHI,34,34,Mất tập trung,G-G-P-S,8,4,4,1.0,74,94,0.44047619047619047,1.2702702702702702,0,0,0,0.0,0.0,4,1.0,0,0,1,0,0,1,1,1,0,0,0,0,0,0,2,2,1,1,0.9463946303571862,0,0.0,0.75
Human Pilot (GPS),HUMAN_SES_1f7ca8_HS_CHI,35,35,Mất tập trung,G-G-P-S,8,4,4,1.0,72,94,0.43373493975903615,1.3055555555555556,0,0,0,0.0,0.0,4,1.0,0,0,1,0,0,1,1,1,0,0,0,0,0,0,2,2,1,1,0.9463946303571862,0,0.0,0.75
Human Pilot (GPS),HUMAN_SES_12d4d3_HS_CHI,36,36,Mất tập trung,G-G-P-S,8,4,4,1.0,71,94,0.4303030303030303,1.323943661971831,0,0,0,0.0,0.0,2,0.5,0,0,1,0,0,1,1,1,0,0,0,0,0,0,2,2,1,1,0.9463946303571862,0,0.0,0.625
Human Pilot (GPS),HUMAN_SES_46055b_HS_CHI,37,37,Mất tập trung,G-G-P-S,8,4,4,1.0,74,94,0.44047619047619047,1.2702702702702702,0,0,0,0.0,0.0,2,0.5,0,0,1,0,0,1,1,1,0,0,0,0,0,0,2,2,1,1,0.9463946303571862,0,0.0,0.625
Human Pilot (GPS),HUMAN_SES_cdf7b5_HS_CHI,38,38,Mất tập trung,G-G-P-S,8,4,4,1.0,71,94,0.4303030303030303,1.323943661971831,0,0,0,0.0,0.0,2,0.5,0,0,1,0,0,1,1,1,0,0,0,0,0,0,2,2,1,1,0.9463946303571862,0,0.0,0.625
Human Pilot (GPS),HUMAN_SES_c9273a_HS_CHI,39,39,Mất tập trung,G-G-P-S,8,4,4,1.0,75,94,0.4437869822485207,1.2533333333333334,0,0,0,0.0,0.0,2,0.5,0,0,1,0,0,1,1,1,0,0,0,0,0,0,2,2,1,1,0.9463946303571862,0,0.0,0.625
Human Pilot (GPS),HUMAN_SES_a7d17e_HS_CHI,40,40,Mất tập trung,G-G-P-S,8,4,4,1.0,75,94,0.4437869822485207,1.2533333333333334,0,0,0,0.0,0.0,2,0.5,0,0,1,0,0,1,1,1,0,0,0,0,0,0,2,2,1,1,0.9463946303571862,0,0.0,0.625
Human Pilot (GPS),HUMAN_SES_23c83a_HS_CHI,41,41,Mất tập trung,G-G-P-S,8,4,4,1.0,72,94,0.43373493975903615,1.3055555555555556,0,0,0,0.0,0.0,2,0.5,0,0,1,0,0,1,1,1,0,0,0,0,0,0,2,2,1,1,0.9463946303571862,0,0.0,0.625
Human Pilot (GPS),HUMAN_SES_36039c_HS_CHI,42,42,Mất tập trung,G-G-P-S,8,4,4,0.6666666666666666,72,94,0.43373493975903615,1.3055555555555556,0,0,0,0.0,0.0,1,0.25,0,0,1,0,0,1,1,1,0,0,0,0,0,0,2,2,1,1,0.9463946303571862,0,0.0,0.5625
Human Pilot (GPS),HUMAN_SES_cdb5fd_HS_CHI,43,43,Mất tập trung,G-G-P-S,8,4,4,0.7272727272727273,73,94,0.437125748502994,1.2876712328767124,0,0,0,0.0,0.0,4,1.0,0,0,1,0,0,1,1,1,0,0,0,0,0,0,2,2,1,1,0.9463946303571862,0,0.0,0.75
Human Pilot (GPS),HUMAN_SES_d54281_HS_CHI,44,44,Mất tập trung,G-G-P-S,8,4,4,1.0,71,94,0.4303030303030303,1.323943661971831,0,0,0,0.0,0.0,2,0.5,0,0,1,0,0,1,1,1,0,0,0,0,0,0,2,2,1,1,0.9463946303571862,0,0.0,0.625
Human Pilot (GPS),HUMAN_SES_3c061d_HS_CHI,45,45,Mất tập trung,G-G-P-S,8,4,4,1.0,71,94,0.4303030303030303,1.323943661971831,0,0,0,0.0,0.0,2,0.5,0,0,1,0,0,1,1,1,0,0,0,0,0,0,2,2,1,1,0.9463946303571862,0,0.0,0.625
Human Pilot (GPS),HUMAN_SES_98bb0e_HS_DUONG,1,1,Trung bình,G-P-S,6,3,3,0.8571428571428571,66,77,0.46153846153846156,1.1666666666666667,0,0,0,0.0,0.0,2,0.6666666666666666,0,0,1,0,0,1,1,1,0,0,0,0,0,0,1,1,1,1,1.0,0,0.0,0.6666666666666666
Human Pilot (GPS),HUMAN_SES_a8dc0c_HS_DUONG,2,2,Trung bình,G-P-S,6,3,3,0.75,65,77,0.45774647887323944,1.1846153846153846,0,0,0,0.0,0.0,3,1.0,0,0,1,0,0,1,1,1,0,0,0,0,0,0,1,1,1,1,1.0,0,0.0,0.75
Human Pilot (GPS),HUMAN_SES_7edeae_HS_DUONG,3,3,Trung bình,G-P-S,6,3,3,0.75,65,77,0.45774647887323944,1.1846153846153846,0,0,0,0.0,0.0,2,0.6666666666666666,0,0,1,0,0,1,1,1,0,0,0,0,0,0,1,1,1,1,1.0,0,0.0,0.6666666666666666
Human Pilot (GPS),HUMAN_SES_55849d_HS_DUONG,4,4,Trung bình,G-P-S,6,3,3,0.75,65,77,0.45774647887323944,1.1846153846153846,0,0,0,0.0,0.0,2,0.6666666666666666,0,0,1,0,0,1,1,1,0,0,0,0,0,0,1,1,1,1,1.0,0,0.0,0.6666666666666666
Human Pilot (GPS),HUMAN_SES_c5a3c4_HS_DUONG,5,5,Trung bình,G-P-S,6,3,3,0.8571428571428571,65,77,0.45774647887323944,1.1846153846153846,0,0,0,0.0,0.0,3,1.0,0,0,1,0,0,1,1,1,0,0,0,0,0,0,1,1,1,1,1.0,0,0.0,0.75
Human Pilot (GPS),HUMAN_SES_4e8736_HS_DUONG,6,6,Trung bình,G-P-S,6,3,3,1.0,67,77,0.4652777777777778,1.1492537313432836,0,0,0,0.0,0.0,2,0.6666666666666666,0,0,1,0,0,1,1,1,0,0,0,0,0,0,1,1,1,1,1.0,0,0.0,0.6666666666666666
Human Pilot (GPS),HUMAN_SES_1dee27_HS_DUONG,7,7,Trung bình,G-P-S,6,3,3,1.0,67,77,0.4652777777777778,1.1492537313432836,0,0,0,0.0,0.0,3,1.0,0,0,1,0,0,1,1,1,0,0,0,0,0,0,1,1,1,1,1.0,0,0.0,0.75
Human Pilot (GPS),HUMAN_SES_167b1f_HS_DUONG,8,8,Trung bình,G-P-S,6,3,3,1.0,67,77,0.4652777777777778,1.1492537313432836,0,0,0,0.0,0.0,3,1.0,0,0,1,0,0,1,1,1,0,0,0,0,0,0,1,1,1,1,1.0,0,0.0,0.75
Human Pilot (GPS),HUMAN_SES_de6d56_HS_DUONG,9,9,Trung bình,G-P-S,6,3,3,1.0,67,77,0.4652777777777778,1.1492537313432836,0,0,0,0.0,0.0,2,0.6666666666666666,0,0,1,0,0,1,1,1,0,0,0,0,0,0,1,1,1,1,1.0,0,0.0,0.6666666666666666
Human Pilot (GPS),HUMAN_SES_bc86b2_HS_DUONG,10,10,Trung bình,G-P-S,6,3,3,1.0,65,77,0.45774647887323944,1.1846153846153846,0,0,0,0.0,0.0,2,0.6666666666666666,0,0,1,0,0,1,1,1,0,0,0,0,0,0,1,1,1,1,1.0,0,0.0,0.6666666666666666
Human Pilot (GPS),HUMAN_SES_61f2b8_HS_DUONG,11,11,Trung bình,G-P-S,6,3,3,1.0,66,77,0.46153846153846156,1.1666666666666667,0,0,0,0.0,0.0,3,1.0,0,0,1,0,0,1,1,1,0,0,0,0,0,0,1,1,1,1,1.0,0,0.0,0.75
Human Pilot (GPS),HUMAN_SES_48319e_HS_DUONG,12,12,Trung bình,G-P-S,6,3,3,1.0,65,77,0.45774647887323944,1.1846153846153846,0,0,0,0.0,0.0,2,0.6666666666666666,0,0,1,0,0,1,1,1,0,0,0,0,0,0,1,1,1,1,1.0,0,0.0,0.6666666666666666
Human Pilot (GPS),HUMAN_SES_6ca178_HS_DUONG,13,13,Trung bình,G-P-S,6,3,3,1.0,65,77,0.45774647887323944,1.1846153846153846,0,0,0,0.0,0.0,3,1.0,0,0,1,0,0,1,1,1,0,0,0,0,0,0,1,1,1,1,1.0,0,0.0,0.75
Human Pilot (GPS),HUMAN_SES_1098cc_HS_DUONG,14,14,Trung bình,G-P-S,6,3,3,1.0,67,77,0.4652777777777778,1.1492537313432836,0,0,0,0.0,0.0,3,1.0,0,0,1,0,0,1,1,1,0,0,0,0,0,0,1,1,1,1,1.0,0,0.0,0.75
Human Pilot (GPS),HUMAN_SES_14669e_HS_DUONG,15,15,Trung bình,G-P-S,6,3,3,1.0,66,77,0.46153846153846156,1.1666666666666667,0,0,0,0.0,0.0,3,1.0,0,0,1,0,0,1,1,1,0,0,0,0,0,0,1,1,1,1,1.0,0,0.0,0.75
Human Pilot (GPS),HUMAN_SES_a83d6b_HS_DUONG,16,16,Trung bình,G-P-S,6,3,3,0.75,66,77,0.46153846153846156,1.1666666666666667,0,0,0,0.0,0.0,1,0.3333333333333333,0,0,1,0,0,1,1,1,0,0,0,0,0,0,1,1,1,1,1.0,0,0.0,0.5833333333333333
Human Pilot (GPS),HUMAN_SES_17dcea_HS_DUONG,17,17,Trung bình,G-P-S,6,3,3,0.6,69,77,0.4726027397260274,1.1159420289855073,0,0,0,0.0,0.0,1,0.3333333333333333,0,0,1,0,0,1,1,1,0,0,0,0,0,0,1,1,1,1,1.0,0,0.0,0.5833333333333333
Human Pilot (GPS),HUMAN_SES_01e091_HS_DUONG,18,18,Trung bình,G-P-S,6,3,3,0.6,69,77,0.4726027397260274,1.1159420289855073,0,0,0,0.0,0.0,2,0.6666666666666666,0,0,1,0,0,1,1,1,0,0,0,0,0,0,1,1,1,1,1.0,0,0.0,0.6666666666666666
Human Pilot (GPS),HUMAN_SES_8e2019_HS_DUONG,19,19,Trung bình,G-P-S,6,3,3,0.75,66,77,0.46153846153846156,1.1666666666666667,0,0,0,0.0,0.0,1,0.3333333333333333,0,0,1,0,0,1,1,1,0,0,0,0,0,0,1,1,1,1,1.0,0,0.0,0.5833333333333333
Human Pilot (GPS),HUMAN_SES_0c8f49_HS_DUONG,20,20,Trung bình,G-P-S,6,3,3,1.0,66,77,0.46153846153846156,1.1666666666666667,0,0,0,0.0,0.0,2,0.6666666666666666,0,0,1,0,0,1,1,1,0,0,0,0,0,0,1,1,1,1,1.0,0,0.0,0.6666666666666666
Human Pilot (GPS),HUMAN_SES_2803dd_HS_DUONG,21,21,Trung bình,G-P-S,6,3,3,1.0,66,77,0.46153846153846156,1.1666666666666667,0,0,0,0.0,0.0,2,0.6666666666666666,0,0,1,0,0,1,1,1,0,0,0,0,0,0,1,1,1,1,1.0,0,0.0,0.6666666666666666
Human Pilot (GPS),HUMAN_SES_44d412_HS_DUONG,22,22,Trung bình,G-P-S,6,3,3,0.6666666666666666,67,77,0.4652777777777778,1.1492537313432836,0,0,0,0.0,0.0,1,0.3333333333333333,0,0,1,0,0,1,1,1,0,0,0,0,0,0,1,1,1,1,1.0,0,0.0,0.5833333333333333
Human Pilot (GPS),HUMAN_SES_7e75fd_HS_DUONG,23,23,Trung bình,G-P-S,6,3,3,0.6,68,77,0.4689655172413793,1.1323529411764706,0,0,0,0.0,0.0,1,0.3333333333333333,0,0,1,0,0,1,1,1,0,0,0,0,0,0,1,1,1,1,1.0,0,0.0,0.5833333333333333
Human Pilot (GPS),HUMAN_SES_11280d_HS_DUONG,24,24,Trung bình,G-P-S,6,3,3,1.0,66,77,0.46153846153846156,1.1666666666666667,0,0,0,0.0,0.0,2,0.6666666666666666,0,0,1,0,0,1,1,1,0,0,0,0,0,0,1,1,1,1,1.0,0,0.0,0.6666666666666666
Human Pilot (GPS),HUMAN_SES_783b58_HS_DUONG,25,25,Trung bình,G-P-S,6,3,3,1.0,63,77,0.45,1.2222222222222223,0,0,0,0.0,0.0,2,0.6666666666666666,0,0,1,0,0,1,1,1,0,0,0,0,0,0,1,1,1,1,1.0,0,0.0,0.6666666666666666
Human Pilot (GPS),HUMAN_SES_f2e72c_HS_DUONG,26,26,Trung bình,G-P-S,6,3,3,0.75,66,77,0.46153846153846156,1.1666666666666667,0,0,0,0.0,0.0,2,0.6666666666666666,0,0,1,0,0,1,1,1,0,0,0,0,0,0,1,1,1,1,1.0,0,0.0,0.6666666666666666
Human Pilot (GPS),HUMAN_SES_c6bd34_HS_DUONG,27,27,Trung bình,G-P-S,6,3,3,1.0,66,77,0.46153846153846156,1.1666666666666667,0,0,0,0.0,0.0,2,0.6666666666666666,0,0,1,0,0,1,1,1,0,0,0,0,0,0,1,1,1,1,1.0,0,0.0,0.6666666666666666
Human Pilot (GPS),HUMAN_SES_d7d443_HS_DUONG,28,28,Trung bình,G-P-S,6,3,3,0.75,66,77,0.46153846153846156,1.1666666666666667,0,0,0,0.0,0.0,2,0.6666666666666666,0,0,1,0,0,1,1,1,0,0,0,0,0,0,1,1,1,1,1.0,0,0.0,0.6666666666666666
Human Pilot (GPS),HUMAN_SES_17929d_HS_DUONG,29,29,Trung bình,G-P-S,6,3,3,1.0,68,77,0.4689655172413793,1.1323529411764706,0,0,0,0.0,0.0,2,0.6666666666666666,0,0,1,0,0,1,1,1,0,0,0,0,0,0,1,1,1,1,1.0,0,0.0,0.6666666666666666
Human Pilot (GPS),HUMAN_SES_ed5019_HS_DUONG,30,30,Trung bình,G-P-S,6,3,3,1.0,66,77,0.46153846153846156,1.1666666666666667,0,0,0,0.0,0.0,2,0.6666666666666666,0,0,1,0,0,1,1,1,0,0,0,0,0,0,1,1,1,1,1.0,0,0.0,0.6666666666666666
Human Pilot (GPS),HUMAN_SES_6c6b1b_HS_DUONG,31,31,Trung bình,G-P-S,6,3,3,1.0,67,77,0.4652777777777778,1.1492537313432836,0,0,0,0.0,0.0,2,0.6666666666666666,0,0,1,0,0,1,1,1,0,0,0,0,0,0,1,1,1,1,1.0,0,0.0,0.6666666666666666
Human Pilot (GPS),HUMAN_SES_ae78b2_HS_DUONG,32,32,Trung bình,G-P-S,6,3,3,1.0,65,77,0.45774647887323944,1.1846153846153846,0,0,0,0.0,0.0,2,0.6666666666666666,0,0,1,0,0,1,1,1,0,0,0,0,0,0,1,1,1,1,1.0,0,0.0,0.6666666666666666
Human Pilot (GPS),HUMAN_SES_26c8f4_HS_DUONG,33,33,Trung bình,G-P-S,6,3,3,1.0,68,77,0.4689655172413793,1.1323529411764706,0,0,0,0.0,0.0,1,0.3333333333333333,0,0,1,0,0,1,1,1,0,0,0,0,0,0,1,1,1,1,1.0,0,0.0,0.5833333333333333
Human Pilot (GPS),HUMAN_SES_4adf27_HS_DUONG,34,34,Trung bình,G-P-S,6,3,3,1.0,66,77,0.46153846153846156,1.1666666666666667,0,0,0,0.0,0.0,3,1.0,0,0,1,0,0,1,1,1,0,0,0,0,0,0,1,1,1,1,1.0,0,0.0,0.75
Human Pilot (GPS),HUMAN_SES_339f93_HS_DUONG,35,35,Trung bình,G-P-S,6,3,3,1.0,64,77,0.45390070921985815,1.203125,0,0,0,0.0,0.0,3,1.0,0,0,1,0,0,1,1,1,0,0,0,0,0,0,1,1,1,1,1.0,0,0.0,0.75
Human Pilot (GPS),HUMAN_SES_4ed330_HS_DUONG,36,36,Trung bình,G-P-S,6,3,3,1.0,64,77,0.45390070921985815,1.203125,0,0,0,0.0,0.0,2,0.6666666666666666,0,0,1,0,0,1,1,1,0,0,0,0,0,0,1,1,1,1,1.0,0,0.0,0.6666666666666666
Human Pilot (GPS),HUMAN_SES_81d20a_HS_DUONG,37,37,Trung bình,G-P-S,6,3,3,1.0,67,77,0.4652777777777778,1.1492537313432836,0,0,0,0.0,0.0,2,0.6666666666666666,0,0,1,0,0,1,1,1,0,0,0,0,0,0,1,1,1,1,1.0,0,0.0,0.6666666666666666
Human Pilot (GPS),HUMAN_SES_d74ae2_HS_DUONG,38,38,Trung bình,G-P-S,6,3,3,1.0,64,77,0.45390070921985815,1.203125,0,0,0,0.0,0.0,2,0.6666666666666666,0,0,1,0,0,1,1,1,0,0,0,0,0,0,1,1,1,1,1.0,0,0.0,0.6666666666666666
Human Pilot (GPS),HUMAN_SES_127314_HS_DUONG,39,39,Trung bình,G-P-S,6,3,3,1.0,69,77,0.4726027397260274,1.1159420289855073,0,0,0,0.0,0.0,2,0.6666666666666666,0,0,1,0,0,1,1,1,0,0,0,0,0,0,1,1,1,1,1.0,0,0.0,0.6666666666666666
Human Pilot (GPS),HUMAN_SES_b52730_HS_DUONG,40,40,Trung bình,G-P-S,6,3,3,1.0,69,77,0.4726027397260274,1.1159420289855073,0,0,0,0.0,0.0,2,0.6666666666666666,0,0,1,0,0,1,1,1,0,0,0,0,0,0,1,1,1,1,1.0,0,0.0,0.6666666666666666
Human Pilot (GPS),HUMAN_SES_378734_HS_DUONG,41,41,Trung bình,G-P-S,6,3,3,1.0,65,77,0.45774647887323944,1.1846153846153846,0,0,0,0.0,0.0,2,0.6666666666666666,0,0,1,0,0,1,1,1,0,0,0,0,0,0,1,1,1,1,1.0,0,0.0,0.6666666666666666
Human Pilot (GPS),HUMAN_SES_6e0a6e_HS_DUONG,42,42,Trung bình,G-P-S,6,3,3,0.6,65,77,0.45774647887323944,1.1846153846153846,0,0,0,0.0,0.0,1,0.3333333333333333,0,0,1,0,0,1,1,1,0,0,0,0,0,0,1,1,1,1,1.0,0,0.0,0.5833333333333333
Human Pilot (GPS),HUMAN_SES_72dce2_HS_DUONG,43,43,Trung bình,G-P-S,6,3,3,0.6666666666666666,65,77,0.45774647887323944,1.1846153846153846,0,0,0,0.0,0.0,3,1.0,0,0,1,0,0,1,1,1,0,0,0,0,0,0,1,1,1,1,1.0,0,0.0,0.75
Human Pilot (GPS),HUMAN_SES_3c94a5_HS_DUONG,44,44,Trung bình,G-P-S,6,3,3,1.0,64,77,0.45390070921985815,1.203125,0,0,0,0.0,0.0,2,0.6666666666666666,0,0,1,0,0,1,1,1,0,0,0,0,0,0,1,1,1,1,1.0,0,0.0,0.6666666666666666
Human Pilot (GPS),HUMAN_SES_923b28_HS_DUONG,45,45,Trung bình,G-P-S,6,3,3,1.0,64,77,0.45390070921985815,1.203125,0,0,0,0.0,0.0,2,0.6666666666666666,0,0,1,0,0,1,1,1,0,0,0,0,0,0,1,1,1,1,1.0,0,0.0,0.6666666666666666
Human Pilot (GPS),HUMAN_SES_47aa95_HS_MAI,1,1,Trung bình,G-P-S,6,3,3,0.8571428571428571,66,77,0.46153846153846156,1.1666666666666667,0,0,0,0.0,0.0,2,0.6666666666666666,0,0,1,0,0,1,1,1,0,0,0,0,0,0,1,1,1,1,1.0,0,0.0,0.6666666666666666
Human Pilot (GPS),HUMAN_SES_a857ea_HS_MAI,2,2,Trung bình,G-P-S,6,3,3,0.75,65,77,0.45774647887323944,1.1846153846153846,0,0,0,0.0,0.0,3,1.0,0,0,1,0,0,1,1,1,0,0,0,0,0,0,1,1,1,1,1.0,0,0.0,0.75
Human Pilot (GPS),HUMAN_SES_475059_HS_MAI,3,3,Trung bình,G-P-S,6,3,3,0.75,65,77,0.45774647887323944,1.1846153846153846,0,0,0,0.0,0.0,2,0.6666666666666666,0,0,1,0,0,1,1,1,0,0,0,0,0,0,1,1,1,1,1.0,0,0.0,0.6666666666666666
Human Pilot (GPS),HUMAN_SES_d68136_HS_MAI,4,4,Trung bình,G-P-S,6,3,3,0.75,65,77,0.45774647887323944,1.1846153846153846,0,0,0,0.0,0.0,2,0.6666666666666666,0,0,1,0,0,1,1,1,0,0,0,0,0,0,1,1,1,1,1.0,0,0.0,0.6666666666666666
Human Pilot (GPS),HUMAN_SES_72a2e6_HS_MAI,5,5,Trung bình,G-P-S,6,3,3,0.8571428571428571,65,77,0.45774647887323944,1.1846153846153846,0,0,0,0.0,0.0,3,1.0,0,0,1,0,0,1,1,1,0,0,0,0,0,0,1,1,1,1,1.0,0,0.0,0.75
Human Pilot (GPS),HUMAN_SES_e0bd78_HS_MAI,6,6,Trung bình,G-P-S,6,3,3,1.0,67,77,0.4652777777777778,1.1492537313432836,0,0,0,0.0,0.0,2,0.6666666666666666,0,0,1,0,0,1,1,1,0,0,0,0,0,0,1,1,1,1,1.0,0,0.0,0.6666666666666666
Human Pilot (GPS),HUMAN_SES_dc01b9_HS_MAI,7,7,Trung bình,G-P-S,6,3,3,1.0,67,77,0.4652777777777778,1.1492537313432836,0,0,0,0.0,0.0,3,1.0,0,0,1,0,0,1,1,1,0,0,0,0,0,0,1,1,1,1,1.0,0,0.0,0.75
Human Pilot (GPS),HUMAN_SES_8be81a_HS_MAI,8,8,Trung bình,G-P-S,6,3,3,1.0,67,77,0.4652777777777778,1.1492537313432836,0,0,0,0.0,0.0,3,1.0,0,0,1,0,0,1,1,1,0,0,0,0,0,0,1,1,1,1,1.0,0,0.0,0.75
Human Pilot (GPS),HUMAN_SES_526e5b_HS_MAI,9,9,Trung bình,G-P-S,6,3,3,1.0,67,77,0.4652777777777778,1.1492537313432836,0,0,0,0.0,0.0,2,0.6666666666666666,0,0,1,0,0,1,1,1,0,0,0,0,0,0,1,1,1,1,1.0,0,0.0,0.6666666666666666
Human Pilot (GPS),HUMAN_SES_3d7237_HS_MAI,10,10,Trung bình,G-P-S,6,3,3,1.0,65,77,0.45774647887323944,1.1846153846153846,0,0,0,0.0,0.0,2,0.6666666666666666,0,0,1,0,0,1,1,1,0,0,0,0,0,0,1,1,1,1,1.0,0,0.0,0.6666666666666666
Human Pilot (GPS),HUMAN_SES_a3f8d6_HS_MAI,11,11,Trung bình,G-P-S,6,3,3,1.0,66,77,0.46153846153846156,1.1666666666666667,0,0,0,0.0,0.0,3,1.0,0,0,1,0,0,1,1,1,0,0,0,0,0,0,1,1,1,1,1.0,0,0.0,0.75
Human Pilot (GPS),HUMAN_SES_15afe6_HS_MAI,12,12,Trung bình,G-P-S,6,3,3,1.0,65,77,0.45774647887323944,1.1846153846153846,0,0,0,0.0,0.0,2,0.6666666666666666,0,0,1,0,0,1,1,1,0,0,0,0,0,0,1,1,1,1,1.0,0,0.0,0.6666666666666666
Human Pilot (GPS),HUMAN_SES_d61aad_HS_MAI,13,13,Trung bình,G-P-S,6,3,3,1.0,65,77,0.45774647887323944,1.1846153846153846,0,0,0,0.0,0.0,3,1.0,0,0,1,0,0,1,1,1,0,0,0,0,0,0,1,1,1,1,1.0,0,0.0,0.75
Human Pilot (GPS),HUMAN_SES_ca9fe9_HS_MAI,14,14,Trung bình,G-P-S,6,3,3,1.0,67,77,0.4652777777777778,1.1492537313432836,0,0,0,0.0,0.0,3,1.0,0,0,1,0,0,1,1,1,0,0,0,0,0,0,1,1,1,1,1.0,0,0.0,0.75
Human Pilot (GPS),HUMAN_SES_d1d3ed_HS_MAI,15,15,Trung bình,G-P-S,6,3,3,1.0,66,77,0.46153846153846156,1.1666666666666667,0,0,0,0.0,0.0,3,1.0,0,0,1,0,0,1,1,1,0,0,0,0,0,0,1,1,1,1,1.0,0,0.0,0.75
Human Pilot (GPS),HUMAN_SES_a33964_HS_MAI,16,16,Trung bình,G-P-S,6,3,3,0.75,66,77,0.46153846153846156,1.1666666666666667,0,0,0,0.0,0.0,1,0.3333333333333333,0,0,1,0,0,1,1,1,0,0,0,0,0,0,1,1,1,1,1.0,0,0.0,0.5833333333333333
Human Pilot (GPS),HUMAN_SES_2e6b8a_HS_MAI,17,17,Trung bình,G-P-S,6,3,3,0.6,69,77,0.4726027397260274,1.1159420289855073,0,0,0,0.0,0.0,1,0.3333333333333333,0,0,1,0,0,1,1,1,0,0,0,0,0,0,1,1,1,1,1.0,0,0.0,0.5833333333333333
Human Pilot (GPS),HUMAN_SES_585096_HS_MAI,18,18,Trung bình,G-P-S,6,3,3,0.6,69,77,0.4726027397260274,1.1159420289855073,0,0,0,0.0,0.0,2,0.6666666666666666,0,0,1,0,0,1,1,1,0,0,0,0,0,0,1,1,1,1,1.0,0,0.0,0.6666666666666666
Human Pilot (GPS),HUMAN_SES_b4f2eb_HS_MAI,19,19,Trung bình,G-P-S,6,3,3,0.75,66,77,0.46153846153846156,1.1666666666666667,0,0,0,0.0,0.0,1,0.3333333333333333,0,0,1,0,0,1,1,1,0,0,0,0,0,0,1,1,1,1,1.0,0,0.0,0.5833333333333333
Human Pilot (GPS),HUMAN_SES_37068b_HS_MAI,20,20,Trung bình,G-P-S,6,3,3,1.0,66,77,0.46153846153846156,1.1666666666666667,0,0,0,0.0,0.0,2,0.6666666666666666,0,0,1,0,0,1,1,1,0,0,0,0,0,0,1,1,1,1,1.0,0,0.0,0.6666666666666666
Human Pilot (GPS),HUMAN_SES_21fcb7_HS_MAI,21,21,Trung bình,G-P-S,6,3,3,1.0,66,77,0.46153846153846156,1.1666666666666667,0,0,0,0.0,0.0,2,0.6666666666666666,0,0,1,0,0,1,1,1,0,0,0,0,0,0,1,1,1,1,1.0,0,0.0,0.6666666666666666
Human Pilot (GPS),HUMAN_SES_e2fc68_HS_MAI,22,22,Trung bình,G-P-S,6,3,3,0.6666666666666666,67,77,0.4652777777777778,1.1492537313432836,0,0,0,0.0,0.0,1,0.3333333333333333,0,0,1,0,0,1,1,1,0,0,0,0,0,0,1,1,1,1,1.0,0,0.0,0.5833333333333333
Human Pilot (GPS),HUMAN_SES_6c97ff_HS_MAI,23,23,Trung bình,G-P-S,6,3,3,0.6,68,77,0.4689655172413793,1.1323529411764706,0,0,0,0.0,0.0,1,0.3333333333333333,0,0,1,0,0,1,1,1,0,0,0,0,0,0,1,1,1,1,1.0,0,0.0,0.5833333333333333
Human Pilot (GPS),HUMAN_SES_fa9486_HS_MAI,24,24,Trung bình,G-P-S,6,3,3,1.0,66,77,0.46153846153846156,1.1666666666666667,0,0,0,0.0,0.0,2,0.6666666666666666,0,0,1,0,0,1,1,1,0,0,0,0,0,0,1,1,1,1,1.0,0,0.0,0.6666666666666666
Human Pilot (GPS),HUMAN_SES_800887_HS_MAI,25,25,Trung bình,G-P-S,6,3,3,1.0,63,77,0.45,1.2222222222222223,0,0,0,0.0,0.0,2,0.6666666666666666,0,0,1,0,0,1,1,1,0,0,0,0,0,0,1,1,1,1,1.0,0,0.0,0.6666666666666666
Human Pilot (GPS),HUMAN_SES_fd8ab5_HS_MAI,26,26,Trung bình,G-P-S,6,3,3,0.75,66,77,0.46153846153846156,1.1666666666666667,0,0,0,0.0,0.0,2,0.6666666666666666,0,0,1,0,0,1,1,1,0,0,0,0,0,0,1,1,1,1,1.0,0,0.0,0.6666666666666666
Human Pilot (GPS),HUMAN_SES_050d6f_HS_MAI,27,27,Trung bình,G-P-S,6,3,3,1.0,66,77,0.46153846153846156,1.1666666666666667,0,0,0,0.0,0.0,2,0.6666666666666666,0,0,1,0,0,1,1,1,0,0,0,0,0,0,1,1,1,1,1.0,0,0.0,0.6666666666666666
Human Pilot (GPS),HUMAN_SES_4ead67_HS_MAI,28,28,Trung bình,G-P-S,6,3,3,0.75,66,77,0.46153846153846156,1.1666666666666667,0,0,0,0.0,0.0,2,0.6666666666666666,0,0,1,0,0,1,1,1,0,0,0,0,0,0,1,1,1,1,1.0,0,0.0,0.6666666666666666
Human Pilot (GPS),HUMAN_SES_927453_HS_MAI,29,29,Trung bình,G-P-S,6,3,3,1.0,68,77,0.4689655172413793,1.1323529411764706,0,0,0,0.0,0.0,2,0.6666666666666666,0,0,1,0,0,1,1,1,0,0,0,0,0,0,1,1,1,1,1.0,0,0.0,0.6666666666666666
Human Pilot (GPS),HUMAN_SES_444453_HS_MAI,30,30,Trung bình,G-P-S,6,3,3,1.0,66,77,0.46153846153846156,1.1666666666666667,0,0,0,0.0,0.0,2,0.6666666666666666,0,0,1,0,0,1,1,1,0,0,0,0,0,0,1,1,1,1,1.0,0,0.0,0.6666666666666666
Human Pilot (GPS),HUMAN_SES_383e30_HS_MAI,31,31,Trung bình,G-P-S,6,3,3,1.0,67,77,0.4652777777777778,1.1492537313432836,0,0,0,0.0,0.0,2,0.6666666666666666,0,0,1,0,0,1,1,1,0,0,0,0,0,0,1,1,1,1,1.0,0,0.0,0.6666666666666666
Human Pilot (GPS),HUMAN_SES_273988_HS_MAI,32,32,Trung bình,G-P-S,6,3,3,1.0,65,77,0.45774647887323944,1.1846153846153846,0,0,0,0.0,0.0,2,0.6666666666666666,0,0,1,0,0,1,1,1,0,0,0,0,0,0,1,1,1,1,1.0,0,0.0,0.6666666666666666
Human Pilot (GPS),HUMAN_SES_0f5884_HS_MAI,33,33,Trung bình,G-P-S,6,3,3,1.0,68,77,0.4689655172413793,1.1323529411764706,0,0,0,0.0,0.0,1,0.3333333333333333,0,0,1,0,0,1,1,1,0,0,0,0,0,0,1,1,1,1,1.0,0,0.0,0.5833333333333333
Human Pilot (GPS),HUMAN_SES_9e52f3_HS_MAI,34,34,Trung bình,G-P-S,6,3,3,1.0,66,77,0.46153846153846156,1.1666666666666667,0,0,0,0.0,0.0,3,1.0,0,0,1,0,0,1,1,1,0,0,0,0,0,0,1,1,1,1,1.0,0,0.0,0.75
Human Pilot (GPS),HUMAN_SES_f20919_HS_MAI,35,35,Trung bình,G-P-S,6,3,3,1.0,64,77,0.45390070921985815,1.203125,0,0,0,0.0,0.0,3,1.0,0,0,1,0,0,1,1,1,0,0,0,0,0,0,1,1,1,1,1.0,0,0.0,0.75
Human Pilot (GPS),HUMAN_SES_af9eed_HS_MAI,36,36,Trung bình,G-P-S,6,3,3,1.0,64,77,0.45390070921985815,1.203125,0,0,0,0.0,0.0,2,0.6666666666666666,0,0,1,0,0,1,1,1,0,0,0,0,0,0,1,1,1,1,1.0,0,0.0,0.6666666666666666
Human Pilot (GPS),HUMAN_SES_f78ea2_HS_MAI,37,37,Trung bình,G-P-S,6,3,3,1.0,67,77,0.4652777777777778,1.1492537313432836,0,0,0,0.0,0.0,2,0.6666666666666666,0,0,1,0,0,1,1,1,0,0,0,0,0,0,1,1,1,1,1.0,0,0.0,0.6666666666666666
Human Pilot (GPS),HUMAN_SES_b39351_HS_MAI,38,38,Trung bình,G-P-S,6,3,3,1.0,64,77,0.45390070921985815,1.203125,0,0,0,0.0,0.0,2,0.6666666666666666,0,0,1,0,0,1,1,1,0,0,0,0,0,0,1,1,1,1,1.0,0,0.0,0.6666666666666666
Human Pilot (GPS),HUMAN_SES_20663c_HS_MAI,39,39,Trung bình,G-P-S,6,3,3,1.0,69,77,0.4726027397260274,1.1159420289855073,0,0,0,0.0,0.0,2,0.6666666666666666,0,0,1,0,0,1,1,1,0,0,0,0,0,0,1,1,1,1,1.0,0,0.0,0.6666666666666666
Human Pilot (GPS),HUMAN_SES_edb038_HS_MAI,40,40,Trung bình,G-P-S,6,3,3,1.0,69,77,0.4726027397260274,1.1159420289855073,0,0,0,0.0,0.0,2,0.6666666666666666,0,0,1,0,0,1,1,1,0,0,0,0,0,0,1,1,1,1,1.0,0,0.0,0.6666666666666666
Human Pilot (GPS),HUMAN_SES_e3c9f1_HS_MAI,41,41,Trung bình,G-P-S,6,3,3,1.0,65,77,0.45774647887323944,1.1846153846153846,0,0,0,0.0,0.0,2,0.6666666666666666,0,0,1,0,0,1,1,1,0,0,0,0,0,0,1,1,1,1,1.0,0,0.0,0.6666666666666666
Human Pilot (GPS),HUMAN_SES_4015ec_HS_MAI,42,42,Trung bình,G-P-S,6,3,3,0.6,65,77,0.45774647887323944,1.1846153846153846,0,0,0,0.0,0.0,1,0.3333333333333333,0,0,1,0,0,1,1,1,0,0,0,0,0,0,1,1,1,1,1.0,0,0.0,0.5833333333333333
Human Pilot (GPS),HUMAN_SES_00aba6_HS_MAI,43,43,Trung bình,G-P-S,6,3,3,0.6666666666666666,65,77,0.45774647887323944,1.1846153846153846,0,0,0,0.0,0.0,3,1.0,0,0,1,0,0,1,1,1,0,0,0,0,0,0,1,1,1,1,1.0,0,0.0,0.75
Human Pilot (GPS),HUMAN_SES_e9037b_HS_MAI,44,44,Trung bình,G-P-S,6,3,3,1.0,64,77,0.45390070921985815,1.203125,0,0,0,0.0,0.0,2,0.6666666666666666,0,0,1,0,0,1,1,1,0,0,0,0,0,0,1,1,1,1,1.0,0,0.0,0.6666666666666666
Human Pilot (GPS),HUMAN_SES_d48cad_HS_MAI,45,45,Trung bình,G-P-S,6,3,3,1.0,64,77,0.45390070921985815,1.203125,0,0,0,0.0,0.0,2,0.6666666666666666,0,0,1,0,0,1,1,1,0,0,0,0,0,0,1,1,1,1,1.0,0,0.0,0.6666666666666666
