student_id,gps_step,question_text,ai_response,satisfaction,difficulty
HS001,G,Giải thích hoán vị là gì?,Hoán vị n phần tử là cách sắp xếp thứ tự của chúng.,5,2
HS001,P,Bấm máy tính tính hoán vị 5!,Bạn nhấn 5 rồi phím !,4,1
HS002,G,Sự khác nhau giữa chỉnh hợp và tổ hợp?,Chỉnh hợp có tính thứ tự, tổ hợp thì không.,5,3
HS003,P,Có 10 người chọn 3 người đi thi, tôi dùng C hay A?,Chọn người không phân biệt thứ tự nên dùng C.,4,2
HS004,S,Bài của em đúng chưa: C(5,2)=10?,Đúng rồi, cách tính của bạn rất chuẩn.,5,1
HS001,G,Quy tắc nhân dùng khi nào?,Dùng khi các hành động thực hiện liên tiếp nhau.,4,2
HS005,P,Hướng dẫn bước 1 bài xác suất này.,Đầu tiên bạn liệt kê số phần tử không gian mẫu.,4,3
HS002,P,Em tính sai bước này rồi phải không?,Chỗ này bạn cần lấy 10 chia 2 chứ không phải nhân.,4,2
HS003,G,Tại sao 0! bằng 1?,Đó là quy ước toán học để đảm bảo các công thức đồng nhất.,5,4
HS004,P,Cần 3 bước để giải, bước 2 làm gì?,Bước 2 bạn áp dụng công thức nCr vào dữ liệu đã tìm.,4,2
HS001,S,Đáp án 120 cách đúng không AI?,Chính xác, bạn đã làm rất tốt!,5,1
HS006,G,Xác suất là gì cho dễ hiểu?,Là khả năng xảy ra của một sự việc.,5,2
HS002,G,Định nghĩa biến cố độc lập.,Hai biến cố không ảnh hưởng đến nhau khi xảy ra.,5,3
HS005,P,Tính nCr trên máy tính Casio như thế nào?,Nhấn n rồi Shift rồi phím phép chia (nCr).,4,1
HS003,S,Lời giải này ổn không ạ?,Logic rất tốt nhưng bạn cần ghi rõ đơn vị.,4,2
HS001,G,Công thức tính xác suất cổ điển?,P(A) = n(A) / n(Omega).,5,2
HS004,P,Em bị kẹt ở bước tìm n(A), giúp em.,Bạn hãy liệt kê các cặp số có tổng bằng 7.,4,3
HS006,P,Hướng dẫn tính xác suất có điều kiện.,Bạn tính P(A và B) trước rồi chia cho P(B).,4,4
HS002,S,Em ra kết quả 0.5, đúng không?,0.5 là kết quả chính xác cho bài này.,5,1
HS005,S,Giải giúp em bài này với.,Tôi không giải hộ, nhưng tôi có thể hướng dẫn bạn bước đầu.,3,5
